sha256	bytes	path
3c14d5f31899901615e877444eafc2d618d1ff320e88588ffa77e994404e3a0c	11322	tri_artifact/README.md
4f1674e67a11e457181621a997efad27bcc908d4138ca9e5110c2cd487e0050d	1174	tri_artifact/PROTOCOL.md
15f0789b87a8bc88c3b635f7ce54c7752f968605b8e6f57d26cc0f9a7c0e3174	78858	tri_artifact/data/20260716T153658Z_Qwen_Qwen3.5-397B-A17B_compile_then_act_api_retry_subset.jsonl
767cdd0b8b678b877d2ea6661487545a5ef998121fb48a0e1133825a38fd1b36	3312	tri_artifact/data/appworld_tri_simple_note_mvp_v1.jsonl
66ff798f5df58da057bd621288c6738f8c350fb4e9925987da9e5583d474603f	3000	tri_artifact/data/appworld_tri_todoist_mvp_v1.jsonl
dbd44407f91fc2fc919d6b450d75f53950768dbf9a7a1ac3f8966b0d6b7bbcf7	44828	tri_artifact/data/binding_drift_tri_symmetric_smoke_v1.jsonl
d54fc65909dfc9196b4a9220f4e58b9a65200b35c2afbe6ed384cdf767ad0865	36692	tri_artifact/data/lifecycle_referent.jsonl
15f0789b87a8bc88c3b635f7ce54c7752f968605b8e6f57d26cc0f9a7c0e3174	78858	tri_artifact/data/qwen_compile_api_retry_subset.jsonl
8a358c5294b9c63624756cd8c4d015eebba799824ec689e96304b184edbdbb36	45751	tri_artifact/data/schema_gono_api_retry_subset.jsonl
9174eee1a593ba4f91d32fd58eada1432e82ef3a16409423e6c0ee2bfd5d0b25	284834	tri_artifact/data/temporal_referent.jsonl
9cd91c908fb9e76938277459a5ec8a78e7c406d91c77034e203084d719697e39	87421	tri_artifact/data/temporal_referent_human_rewrites_v1.jsonl
e651f4db45275877ca09a5e70187baca6d5ee8901bf983bb1ecc3885ef879181	46247	tri_artifact/data/temporal_referent_method_upgrade_smoke_v1.jsonl
43493c7279b1306edb306772fa5d4f2fc57a7483845dcd59760d099d2e42b9f5	382762	tri_artifact/data/temporal_referent_v2.jsonl
72c9c0a8127dca2931738c45ffdd1d5758576fb13b60e8a1ffd0f752344dcd2e	243065	tri_artifact/data/temporal_referent_v2_api_scalar.jsonl
9a63be2a2f25685db33e9a0c0048fcd2e86fe5f3bdc813dc592d01f8eda18d89	249690	tri_artifact/data/temporal_referent_v2_heldout.jsonl
1c307e2d9de34a62e2412c61685f775b0e035481674f63ae863d1a72b919b0aa	31219	tri_artifact/data/temporal_referent_v3_balanced_smoke.jsonl
bea0b48c5092e64fd3860069a5a81f09982940ca0b964b297d2e8a8f7f5970d6	251826	tri_artifact/data/temporal_referent_v3_language_clusters.jsonl
43b5613ef64fe2a3fc578e9d07686d044fb6efa7fd7bf07f609967da920f47e8	62949	tri_artifact/data/temporal_referent_v3_sqlite_trajectory.jsonl
d6cd70bfe6645e3968b0d4a45d43f53445c0cc431bfcae2d7f04214b25e167eb	12527	tri_artifact/data/temporal_referent_v3_sqlite_trajectory_smoke.jsonl
6a42f556d6cb176575070475855549b85c08b063c8b0b75b0ee40663770aca61	127624	tri_artifact/data/temporal_referent_v3_unseen_domains.jsonl
7440812377718fe5b691523eee977842b571e42cc2644a2bcf05ba1035f51c9c	73650	tri_artifact/data/temporal_referent_v4_policy.jsonl
7ca5b082245c0531bdcd4e8f4d613f69e242aa28a7099ba15aac1ed248f95bab	18545	tri_artifact/data/temporal_referent_v4_policy_smoke.jsonl
b6b6632f35cdf65e85b712363f5049495c9cd286b43357b1e70650d38a3d64bd	107142	tri_artifact/data/temporal_referent_v5_multirefresh_sqlite.jsonl
f4d85a2a1a132038dc60281b2f64ff39bf84d9191b73ee89e54d91f7cf1be54c	21502	tri_artifact/data/temporal_referent_v5_multirefresh_sqlite_smoke.jsonl
ecf8f19a55ebfa31b9c8414a14ade7a19f264149923819643936aff071613105	110509	tri_artifact/data/temporal_referent_v6_role_heldout.jsonl
e566ab73030f9bd452656e225279eb96c11e6a8c80701e0b80850afcf6afaafd	10998	tri_artifact/data/temporal_referent_v6_role_heldout_smoke.jsonl
2504f4979f1b4bfad5357e0cf734cbe4881adcadbe4e3cb1ca4fca0620657891	513912	tri_artifact/data/temporal_referent_v7_core_replication.jsonl
e1cb32f694024cd22884daa1b099d23053ff7dbeaaa5b68d684afcab3b61750b	25677	tri_artifact/data/temporal_referent_v7_core_replication_smoke.jsonl
06afa1a2a40f78eaa817a5f98f107e4972f7ea4c2b099535c7023498cd174446	85674	tri_artifact/data/temporal_referent_v7_repeat_stability_v1.jsonl
a900dbca27530b71fdf7a1cf13d1a8b90539c4ad695935acab3a405602e48268	13036	tri_artifact/data/toolsandbox_tri_frozen_v1.jsonl
a090ef7c5f1509934d570928b3983a0b997ef34bf51d9636c55e69a7b611c87c	13612	tri_artifact/data/toolsandbox_tri_matched_heldout_v1.jsonl
f795031bba66d9a018b94d351930a9ed2beaaae23285925cc3a514e17f7f189d	58624	tri_artifact/data/toolsandbox_tri_single_turn_2x2_v1.jsonl
ac6a36e43462b69c46e454828f7119b2fd3f2f8939758b38d6af4aa53ece578a	10990	tri_artifact/data/v6_glm_exact_cta_transport_retry.jsonl
ed08665f279af892e2658ebc6081d5446f5b8adbfe52d9c36f0fa49a38042709	7967	tri_artifact/data/v6_glm_role_indexed_transport_retry.jsonl
cbfe6340e8e3cd808a91e0b6896e09291676c393f0c6622d39647dec51113631	1318	tri_artifact/runs/20260715T160231Z_Pro_zai-org_GLM-5.1_direct_dev_p0.jsonl
16c824373c935e796b2bdf18d249b70857395d60fc709704c648740c6a33121d	1327	tri_artifact/runs/20260715T160308Z_Pro_zai-org_GLM-5.1_direct_dev_p0.jsonl
e745da5167c50df6877bfdf6d6be3995442f5da75367dbcffb9c70aee7fe3f1d	21538	tri_artifact/runs/20260715T160357Z_Pro_zai-org_GLM-5.1_interactive_dev_p0.jsonl
7bf33b90c8eaf56770e0d0077a91c50e7e2aa03d17c3c6bff8825f04fb608371	21333	tri_artifact/runs/20260715T160535Z_Pro_zai-org_GLM-5.1_direct_dev_p0.jsonl
38e449b203687c9de8b0c9e98cee7628d1fb7a581d90cffec11302c05c16473e	27524	tri_artifact/runs/20260715T160632Z_Pro_zai-org_GLM-5.1_compiler_dev_p0.jsonl
9c3f412d62f3b3c510878f2c8d76e93dbeecf95d5895a379b8980179b22a4138	21688	tri_artifact/runs/20260715T161012Z_Pro_zai-org_GLM-5.1_state_overwrite_dev_p0.jsonl
db1dc1024bd5c95435701cdcd2df7f157d4d702391f8b2a916ad13ac1c253e31	14017	tri_artifact/runs/20260715T161216Z_Pro_zai-org_GLM-5.1_compiler_dev_p0.jsonl
60d3e9106906a0aa2d2d3e6eb7efc2b0d9bb08335d0bcb4df299b7e05c4c98d6	21682	tri_artifact/runs/20260715T161541Z_Pro_zai-org_GLM-5.1_state_overwrite_dev_p0.jsonl
ac84a801f29febdce5aa9945046db8fc15ad1c1d18b51c1cc3fce1a30e543b55	20860	tri_artifact/runs/20260715T161734Z_Pro_zai-org_GLM-5.1_ledger_dev_p0.jsonl
06fa5681a2d75078418531fd4d6588e77b1203bf240190bb755cc95c6ab9b4fe	16215	tri_artifact/runs/20260715T161916Z_Qwen_Qwen3.5-397B-A17B_state_overwrite_dev_p0.jsonl
cdc6ab3ee4251f0403a0c38e09023b47d2bc794d01e50588c681a0aaa15c1891	15659	tri_artifact/runs/20260715T162227Z_Qwen_Qwen3.5-397B-A17B_ledger_dev_p0.jsonl
0e6d7591c41eceb0903e202daffcbd81f95fba407c964d97734e7f5a432e8a61	10489	tri_artifact/runs/20260715T162427Z_Pro_zai-org_GLM-5.1_state_overwrite_heldout_p0.jsonl
dbe0dec189d7ae55997b4643f13faf10c0e5cc94b47737fae3744f3e7e948a07	10027	tri_artifact/runs/20260715T162530Z_Pro_zai-org_GLM-5.1_ledger_heldout_p0.jsonl
40bce1aac92294433db78094441ae2d43f7d34508cdf73e33383d675f24f1fb0	4077	tri_artifact/runs/20260716T014337Z_Pro_zai-org_GLM-5.1_compile_then_act_dev_p0.jsonl
5cda530e14ca93a4a08a4ec5182e5bc897825af44ce19d16ad1c91a1de389139	13192	tri_artifact/runs/20260716T014439Z_Pro_zai-org_GLM-5.1_state_overwrite_dev_all.jsonl
4c3b9f68096feac2e996b458a7ac3a35e46eebb5eec19bff11de32efb55d9c20	10667	tri_artifact/runs/20260716T014820Z_Pro_zai-org_GLM-5.1_state_overwrite_dev_all.jsonl
e2ecedc352f7d04f0a830bda2375b184f72e1ad37a23c39427c77eb5d1ad4663	16742	tri_artifact/runs/20260716T015201Z_Pro_zai-org_GLM-5.1_compile_then_act_dev_all.jsonl
55994d47203af65bb656f11c56b492e62622f7fb1df89b62934a00eddae49614	21425	tri_artifact/runs/20260716T015530Z_Pro_zai-org_GLM-5.1_state_overwrite_once_dev_all.jsonl
0ff418e9d1a5b81df6cf02709d6928b212d146fa070a2c4252baea14bde20f6b	19944	tri_artifact/runs/20260716T020027Z_Pro_zai-org_GLM-5.1_state_overwrite_once_dev_all.jsonl
05a7f623ec41a5283fea6a423535fcb50f2e512816ac81022f3903cf19726eb0	10827	tri_artifact/runs/20260716T020151Z_Pro_zai-org_GLM-5.1_compile_then_act_dev_all.jsonl
0cd0af11c2bcd9e5838cd8ed2477a432b6c81ef57892a9c680c2a0e898e45728	25724	tri_artifact/runs/20260716T020530Z_Pro_zai-org_GLM-5.1_state_overwrite_once_heldout_all.jsonl
e8fc851fa98fb1fa5e1211fbdca5b2af9d21c1f48b046bb402a58eee42268807	10056	tri_artifact/runs/20260716T020837Z_Pro_zai-org_GLM-5.1_state_overwrite_once_heldout_all.jsonl
32150b974268f736455db3903367a7c38968062b59e088973730097b56860bf9	4269	tri_artifact/runs/20260716T022005Z_Pro_zai-org_GLM-5.1_natural_memory_dev_p0.jsonl
c5f1de64772da10a4317b8a64b3a6beccc61424ea15ef7e676509fe1c9b6322f	4092	tri_artifact/runs/20260716T022153Z_Pro_zai-org_GLM-5.1_ledger_safe_dev_p0.jsonl
e63958513b25639bf399062a7b3c8c3a6d4eb1a1c8ff846580904f83aac62c49	5599	tri_artifact/runs/20260716T022219Z_Pro_zai-org_GLM-5.1_compile_then_act_dev_p0.jsonl
68ff3f66744573fd59dc90332cf45a38bbc1f6a167717d3d9dbdcfcea1878857	4730	tri_artifact/runs/20260716T022429Z_Pro_zai-org_GLM-5.1_natural_memory_dev_p0.jsonl
fa6f637905c53eeae1697b82b400116eda876a686602aa4984b85f550f673f05	3213	tri_artifact/runs/20260716T022602Z_Pro_zai-org_GLM-5.1_natural_memory_dev_p0.jsonl
1a8154efe4feae9d323ef1c0fa65470c7576e7f864fc96c077e851c1e7543037	4212	tri_artifact/runs/20260716T022643Z_Pro_zai-org_GLM-5.1_compile_then_act_dev_p0.jsonl
f447581cb10be3725a03ee49e502541d613c52534435087145ab321de0a41153	4072	tri_artifact/runs/20260716T023024Z_deepseek-ai_DeepSeek-V4-Pro_state_overwrite_once_dev_p0.jsonl
c3a2fa200d6fa9fa2baa94c8530532246c523bfbf1c1bfe8fcbf2473f4548947	4129	tri_artifact/runs/20260716T023229Z_Pro_MiniMaxAI_MiniMax-M2.5_state_overwrite_once_dev_p0.jsonl
56c390c54cd1e9742ccaa3b027a9ff800f7c3d75df14dd5a8724961eccc2838a	4059	tri_artifact/runs/20260716T023302Z_deepseek-ai_DeepSeek-V4-Pro_state_overwrite_once_dev_p0.jsonl
984393c59dc1fd16941ffe1d3e0fbf764d015e6e940f9ea08fcdc302a706fe7f	4061	tri_artifact/runs/20260716T023321Z_Pro_MiniMaxAI_MiniMax-M2.5_state_overwrite_once_dev_p0.jsonl
96b42b19e6f1a65dddc6c901c8c4c15fc5a026b3dd4badfa8e62b14c2c087559	2766	tri_artifact/runs/20260716T023358Z_deepseek-ai_DeepSeek-V4-Pro_state_overwrite_once_dev_p0.jsonl
f51fbecb99a81a684046870c541a817e48964ebb09e27d79d24d787d2e5d6b68	4389	tri_artifact/runs/20260716T023838Z_Pro_zai-org_GLM-5.1_compressed_memory_dev_p0.jsonl
21b66ccf322f151e3d940bdf165a503d0d463208fbf230decc5bc19bb7ceed53	4316	tri_artifact/runs/20260716T023950Z_Pro_zai-org_GLM-5.1_compressed_memory_dev_p0.jsonl
2cfa548e342d87887de92f4c88ea6f9ec199bbc2e5cee084bd94b375d1e3c141	21046	tri_artifact/runs/20260716T024407Z_Qwen_Qwen3.5-397B-A17B_state_overwrite_once_dev_all.jsonl
0b87a3c2769f6801a263d48f18ddf09e68774aadda1b676e34f6b842d01341ef	5442	tri_artifact/runs/20260716T024529Z_deepseek-ai_DeepSeek-V4-Pro_state_overwrite_once_dev_all.jsonl
ff69e14d50defa061e4e47bf531b1de26262ae14424ff0b9f747a0a61223e8bc	6524	tri_artifact/runs/20260716T025632Z_Pro_zai-org_GLM-5.1_summary_controller_dev_p0.jsonl
170e9083689b58d6ec0a3539f8e23948dfcc724a144b3fa34b342aeb3f19285d	4746	tri_artifact/runs/20260716T025723Z_Pro_zai-org_GLM-5.1_lossy_summary_controller_dev_p0.jsonl
202f6ba03fbcfa7b2a4a56930bec5f80683cdd1bf9e6a69dc10a222acb25c308	5225	tri_artifact/runs/20260716T025859Z_Pro_zai-org_GLM-5.1_summary_controller_dev_p0.jsonl
88821f3e95876d120e1395741c39e5bf0651ce9b729e5cf52b121d2872c5a633	4428	tri_artifact/runs/20260716T025940Z_Pro_zai-org_GLM-5.1_lossy_summary_controller_dev_p0.jsonl
0f370eac9112d8c0848921a82258e23c91a1038f74fc2a8490fb265e556fd65e	22340	tri_artifact/runs/20260716T030348Z_Pro_zai-org_GLM-5.1_compile_then_act_dev_all.jsonl
45ea455d25c35af3f5ed59deb303e346c8250ef32a2819b065e5c02ae58d4ad8	10777	tri_artifact/runs/20260716T031003Z_Pro_zai-org_GLM-5.1_compile_then_act_dev_all.jsonl
8d3d8650c98c5420cddb08b17f777d280ca7ef8e3b0f2a223df19516d57ea4b6	20486	tri_artifact/runs/20260716T031158Z_Qwen_Qwen3.5-397B-A17B_state_overwrite_once_dev_all.jsonl
cd067e1aed39b05bec3fd9d7acd9a7fba45acb00ff37aa794534f23509794301	8087	tri_artifact/runs/20260716T031316Z_deepseek-ai_DeepSeek-V4-Pro_state_overwrite_once_dev_all.jsonl
598a42db6eff7ac0d45f087ccf4d7c1f8a18fc64187e57033a7409b70250d7d7	21007	tri_artifact/runs/20260716T032119Z_Pro_MiniMaxAI_MiniMax-M2.5_state_overwrite_once_dev_all.jsonl
58888e314d1eb44bb4e348233029ae92ee6f358625bcb0f9b79c954cfde0a5e3	20564	tri_artifact/runs/20260716T032310Z_Pro_MiniMaxAI_MiniMax-M2.5_state_overwrite_once_dev_all.jsonl
279155df4e6e1795f27d724863a7ab4c66d796570ea27ca313f3625191aabd87	24318	tri_artifact/runs/20260716T032500Z_Pro_zai-org_GLM-5.1_lossy_summary_controller_dev_all.jsonl
eb751fcdee3a1c9a4944b69b072a330039d0805bf9dedcd57bd84ebf4c3a6bb2	22497	tri_artifact/runs/20260716T033535Z_Pro_zai-org_GLM-5.1_lossy_summary_controller_dev_all.jsonl
614403be3d0f1e20a58e5eb1101fae4bfc7cee29c9ca520f52c8827e70e14935	10854	tri_artifact/runs/20260716T034541Z_Pro_zai-org_GLM-5.1_compile_then_act_dev_all.jsonl
6780e1a978f5ed72fdb9220b2a6cb85ef4577412892afc9ecf4458b4c15d6f2e	18549	tri_artifact/runs/20260716T034843Z_Qwen_Qwen3.5-397B-A17B_compile_then_act_dev_all.jsonl
bac363458318dd86882cfc113d8a790386923142a20694c3b72943ba0e3c0443	11351	tri_artifact/runs/20260716T035820Z_Qwen_Qwen3.5-397B-A17B_compile_then_act_dev_all.jsonl
0116c5cf640859fc39dc43db1f95d75bd5129123bcd6829d9374db256bb29857	13764	tri_artifact/runs/20260716T040429Z_Pro_MiniMaxAI_MiniMax-M2.5_compile_then_act_dev_all.jsonl
aedc8f0c03470b765a6ddeed9aefef9147604a762cc345faa69c1661330e9eb6	14354	tri_artifact/runs/20260716T040616Z_Pro_MiniMaxAI_MiniMax-M2.5_compile_then_act_dev_all.jsonl
babfacfa62f34eec036feb4a8f1c1f51a0105f66689dbc80036aa5b864560be1	1348	tri_artifact/runs/20260716T041723Z_Pro_zai-org_GLM-5.1_state_overwrite_once_dev_p0.jsonl
cc23bef6309fabd2c5dbd869436c9bf9683b432759905872542938d522879e3e	6693	tri_artifact/runs/20260716T041800Z_Pro_zai-org_GLM-5.1_tool_latest_state_dev_p0.jsonl
43e97b8cc26b9d6637ccd9e54fa7e13a87919b5572a789de8fc100ecfcbcf685	6653	tri_artifact/runs/20260716T041901Z_Pro_zai-org_GLM-5.1_tool_latest_state_dev_p0.jsonl
64d4cffbb45c8d4dd6b246762a7092512f15fd7fde034d724dfd02c707ba701c	6703	tri_artifact/runs/20260716T041935Z_Pro_zai-org_GLM-5.1_tool_full_history_dev_p0.jsonl
2555bb950b681336e302559ea4cd86983a3fd4a3beb209d4ff37c55bf0e3b8ce	8890	tri_artifact/runs/20260716T042019Z_Pro_zai-org_GLM-5.1_tool_compile_then_act_dev_p0.jsonl
8f4c5d7b8543d27d5c7cef5fb6785dbb8cdb070f2d203d4c29ef920df876a85e	6662	tri_artifact/runs/20260716T042020Z_Pro_zai-org_GLM-5.1_tool_full_history_dev_p0.jsonl
3432337daf1bb36cf04286648690e2548c02f6a5421daebd24800b824f53f877	8457	tri_artifact/runs/20260716T042146Z_Pro_zai-org_GLM-5.1_tool_compile_then_act_dev_p0.jsonl
f6bcd5632a33e2c5aa066ea4ba4b0ad7e2411a39c0c86fe15ac739ad6b81817f	8342	tri_artifact/runs/20260716T042147Z_Pro_zai-org_GLM-5.1_tool_compile_then_act_dev_p0.jsonl
4afd006bc9786466e784a85efdf40cd7ff5562145e21b084f0a6fda34dc8e704	2913	tri_artifact/runs/20260716T042319Z_Pro_zai-org_GLM-5.1_tool_compile_then_act_dev_p0.jsonl
e6a9c265c3644f3496fdb30be0630a6b30ef3b8d8a2099489db6ff7b5b2336ea	6885	tri_artifact/runs/20260716T042355Z_Pro_zai-org_GLM-5.1_tool_lossy_summary_dev_p0.jsonl
d7b269b1165add679fd366e8a13a4feb75460ed7785b89344949c0580c1f60a6	6942	tri_artifact/runs/20260716T042357Z_Pro_zai-org_GLM-5.1_tool_lossy_summary_dev_p0.jsonl
484153356b0929612688591d8221bd7b169c3e12c23ee2a2ceb342c0cadec1d3	35322	tri_artifact/runs/20260716T043100Z_Pro_zai-org_GLM-5.1_tool_latest_state_dev_all.jsonl
a6816a5877c2a0549b4602c096ff0fa68aeb508c24f774b9a001dd032e67d501	33508	tri_artifact/runs/20260716T044002Z_Pro_zai-org_GLM-5.1_tool_latest_state_dev_all.jsonl
4b3d31a9649a7ad56edcbff345abc4b5e994a00a81002f9329f8ecfeb1a3e4d3	48795	tri_artifact/runs/20260716T045815Z_Pro_zai-org_GLM-5.1_state_overwrite_once_dev_all.jsonl
89920b8e8e4cd6776f8e475cab5484f568a669c44681bf71fd97f367df735e48	69657	tri_artifact/runs/20260716T050103Z_Pro_zai-org_GLM-5.1_compile_then_act_dev_all.jsonl
fae6d54b446c374e25092d474401a9e3e96010c79674803234241d9f247c11d9	15904	tri_artifact/runs/20260716T051338Z_Qwen_Qwen3.5-397B-A17B_state_overwrite_once_dev_p0.jsonl
361d97ea8bfe6be7494459afdc6717cf76861dd7193cdf5afaed661dd9c932cd	23075	tri_artifact/runs/20260716T051411Z_Qwen_Qwen3.5-397B-A17B_compile_then_act_dev_p0.jsonl
27fe91ba29a23e409f82fd4424abf6254bcff49e9341da09c016beb750b87986	15957	tri_artifact/runs/20260716T051800Z_Pro_MiniMaxAI_MiniMax-M2.5_state_overwrite_once_dev_p0.jsonl
ec84404e83427b7844f45c8ee7a1ebe30446d70b7706c46ed390fe54b643dfba	24711	tri_artifact/runs/20260716T051902Z_Pro_MiniMaxAI_MiniMax-M2.5_compile_then_act_dev_p0.jsonl
ff12fa83372baa048956afdfc879c23ad64f87f4ba30d862149e85837bc3fcd2	306409	tri_artifact/runs/20260716T071021Z_Pro_zai-org_GLM-5.1_state_overwrite_once_dev_all.jsonl
1d8afb389ab6e45d9b820e4020072da5ec99debebe4df193c09b57ebfc548caa	418710	tri_artifact/runs/20260716T072247Z_Pro_zai-org_GLM-5.1_compile_then_act_dev_all.jsonl
d37488e185dd6e1be1c487211f699fde74b0b65d952d087a8374f5912bdf3e2b	303557	tri_artifact/runs/20260716T082503Z_Qwen_Qwen3.5-397B-A17B_state_overwrite_once_dev_all.jsonl
597190bd42aa2880aa0c109efd7ee4d9c8c88814a008d4b76bef20aa0f6d1832	375516	tri_artifact/runs/20260716T083738Z_Qwen_Qwen3.5-397B-A17B_compile_then_act_dev_all.jsonl
b021d2e075837a2bd48b954fd098cadcd1e890232b0211bea170906d98ed0ad3	299179	tri_artifact/runs/20260716T100113Z_Pro_MiniMaxAI_MiniMax-M2.5_state_overwrite_once_dev_all.jsonl
2fe3510681b0761a29cea09f2cd2979503b23cd5c7b49eb40a33417e26a0a187	302543	tri_artifact/runs/20260716T100138Z_Pro_MiniMaxAI_MiniMax-M2.5_compile_then_act_dev_all.jsonl
6f37ed984779602b33ed7d1f262823e367e868660e8f8d9f61544cc5d8c18420	454492	tri_artifact/runs/20260716T110622Z_Pro_zai-org_GLM-5.1_schema_compile_then_act_v2_scalar.jsonl
eac49e71f228335df7eb00cfd95c94e171e1ae5845f94ce8ceb577f8bc705f4c	19114	tri_artifact/runs/20260716T113924Z_Pro_zai-org_GLM-5.1_state_overwrite_once_v2_gono.jsonl
feffb517e7b4a76b9f9b31cf60993b6e2946f3db2fc70375be4765b78dd3e11c	19137	tri_artifact/runs/20260716T114013Z_Pro_zai-org_GLM-5.1_full_history_once_v2_gono.jsonl
e7d122009b784c48a23496d2377deb089070d3f62fb0ef7b98409489d9d7cc20	30861	tri_artifact/runs/20260716T114146Z_Pro_zai-org_GLM-5.1_generic_plan_then_act_v2_gono.jsonl
8ded7e8dec8dbc18d2bbd229fd6c88f453482f61ef85efcab473883319bd19ee	27074	tri_artifact/runs/20260716T114428Z_Pro_zai-org_GLM-5.1_compile_then_act_v2_gono.jsonl
b512e61ec5cca681dfe6d3b84169992e9fd077091dc82856fa08642436d94acb	30252	tri_artifact/runs/20260716T114802Z_Pro_zai-org_GLM-5.1_schema_compile_then_act_v2_gono.jsonl
356dd531ee5b328a51c7ce091e50b6bb5c5714b9c867ebfaf9233a770f46bf2e	306015	tri_artifact/runs/20260716T120224Z_Pro_zai-org_GLM-5.1_state_overwrite_once_v2_gono.jsonl
6039a6d7a84ae70e6aeb65c2b4094a152f6274ddef0e47402e9d7fbb477886a3	305986	tri_artifact/runs/20260716T121352Z_Pro_zai-org_GLM-5.1_full_history_once_v2_gono.jsonl
222e9093339d15403c3f81216f306efdc8bd4e652e5b01b187efa57c887baac8	495472	tri_artifact/runs/20260716T123050Z_Pro_zai-org_GLM-5.1_generic_plan_then_act_v2_gono.jsonl
7631931b0046c417ec5ff68b1e803b9377e2081c99d7c6e76ba9dcedf2564be1	418083	tri_artifact/runs/20260716T131128Z_Pro_zai-org_GLM-5.1_compile_then_act_v2_gono.jsonl
91ccea1248982d1f929b73375a222cf9f584466bc1c3e3741e13a1b3c2064cb5	429720	tri_artifact/runs/20260716T140845Z_Pro_zai-org_GLM-5.1_schema_compile_then_act_v2_gono.jsonl
375184e45baa5fff0914ddee89c1d418ca2f95d79d10b2673b402db1fda7825d	19041	tri_artifact/runs/20260716T152041Z_Qwen_Qwen3.5-397B-A17B_state_overwrite_once_v2_gono.jsonl
47d842fceaf7305e7523f78493bd8b41e423939692861b6eef8d362c8f8f2836	19056	tri_artifact/runs/20260716T152108Z_Qwen_Qwen3.5-397B-A17B_full_history_once_v2_gono.jsonl
dff8e234dafe4786ee07c877ea5bd53f16fcc8453310d0223d36073af030512e	28927	tri_artifact/runs/20260716T152347Z_Qwen_Qwen3.5-397B-A17B_generic_plan_then_act_v2_gono.jsonl
d4b3969e6c19474ef86c1de2ec50dd4531a3f2dc99697ff63782169411eb4730	25919	tri_artifact/runs/20260716T152842Z_Qwen_Qwen3.5-397B-A17B_compile_then_act_v2_gono.jsonl
cc1707cce0e8d9fc43d00daf024b9781313cee4df52b573f34a347cff20256d8	19657	tri_artifact/runs/20260716T153521Z_Qwen_Qwen3.5-397B-A17B_schema_compile_then_act_v2_gono.jsonl
4de6707334573519a0310a0406bcd7e538c38a4f67bc5df6fc49b3406dd522b3	99700	tri_artifact/runs/20260716T153658Z_Qwen_Qwen3.5-397B-A17B_compile_then_act_api_retry.jsonl
597190bd42aa2880aa0c109efd7ee4d9c8c88814a008d4b76bef20aa0f6d1832	375516	tri_artifact/runs/20260716T153658Z_Qwen_Qwen3.5-397B-A17B_compile_then_act_merged_retry.jsonl
97b2de3cf747e8dce4ac369dbb9ca13a4c78ded7b8d04353ed3645de44d6fae0	2154	tri_artifact/runs/20260716T154228Z_Qwen_schema_healthcheck.jsonl
af21d9375ecab99baa8851ff93d27741a7f08ebd1028d87db71e32601f30f04e	2154	tri_artifact/runs/20260716T154401Z_Qwen_schema_healthcheck.jsonl
014d8a409aa1eecd00d496f56b0a5e0c3c3534cdd97637e0d7a632ed8c0f8ed0	19923	tri_artifact/runs/20260716T155330Z_Qwen_Qwen3.5-122B-A10B_state_overwrite_once_v2_gono_smoke10_nothinking.jsonl
ae07139c8e5b2f294e4d87b0b41290a46d4d44ef71c166a194b377d596f4bc35	19883	tri_artifact/runs/20260716T155334Z_Qwen_Qwen3.5-122B-A10B_full_history_once_v2_gono_smoke10_nothinking.jsonl
65be5ff492c385909d98712a0e60a8616ac7f5b471ea8a9185c0e6ac56082777	30155	tri_artifact/runs/20260716T155339Z_Qwen_Qwen3.5-122B-A10B_generic_plan_then_act_v2_gono_smoke10_nothinking.jsonl
7739e30b944231cd6da161a72152cfd55646f079ec92bea05684342e041f9add	27681	tri_artifact/runs/20260716T155359Z_Qwen_Qwen3.5-122B-A10B_compile_then_act_v2_gono_smoke10_nothinking.jsonl
6fbde7edd255c8592c2dab049f13ba30f7dbdefe619c5a8af073a8eb8a506755	31171	tri_artifact/runs/20260716T155418Z_Qwen_Qwen3.5-122B-A10B_schema_compile_then_act_v2_gono_smoke10_nothinking.jsonl
1c2e55df7c0af670d6ffc52aba605f59ea662131b4c1540c7e88117f043ce142	317611	tri_artifact/runs/20260716T155553Z_Qwen_Qwen3.5-122B-A10B_state_overwrite_once_v2_gono_full_nothinking.jsonl
ee6546c5f882d82d331d3a548f125968ee58aa344f39e900a64d74ec11deb2b3	317026	tri_artifact/runs/20260716T155718Z_Qwen_Qwen3.5-122B-A10B_full_history_once_v2_gono_full_nothinking.jsonl
b4f4c412c70aca355f6abdae9b150bc618f08da5d4a201d73b1929a72c76ec35	501386	tri_artifact/runs/20260716T155833Z_Qwen_Qwen3.5-122B-A10B_generic_plan_then_act_v2_gono_full_nothinking.jsonl
70d1e128d7757c747a2f99d1e9bada0584ed119ec9c3c803f7743bc459bf2e29	447442	tri_artifact/runs/20260716T160525Z_Qwen_Qwen3.5-122B-A10B_compile_then_act_v2_gono_full_nothinking.jsonl
f7ab22ea5782661e7b9d45a3ec9b49e6ddf398b548bfe686df39c54b2efc5a5d	502599	tri_artifact/runs/20260716T161056Z_Qwen_Qwen3.5-122B-A10B_schema_compile_then_act_v2_gono_full_nothinking.jsonl
011e280ab586473e9d0054f3f82f264b7c41794bc8100f922510fbff3f14a867	28717	tri_artifact/runs/20260716T162037Z_Qwen_Qwen3.5-122B-A10B_factorized_schema_compile_then_act_v2_gono_smoke10_nothinking.jsonl
914ca71da4b1e307fa0c678f687888329638cb53b1cbd9e9e445435846f6fb3d	34440	tri_artifact/runs/20260716T162304Z_Qwen_Qwen3.5-122B-A10B_factorized_schema_compile_then_act_v2_gono_smoke10_discourse_nothinking.jsonl
b17368f3d84b2a68fe1bde51def684c237c88170cbe4423999f4f3136aafb027	506338	tri_artifact/runs/20260716T162353Z_Qwen_Qwen3.5-122B-A10B_factorized_schema_compile_then_act_v2_gono_full_discourse_nothinking.jsonl
71a4cdc57312cc6c986d59c698fd9913e96990159f397021c5e31f54023d9af0	62432	tri_artifact/runs/20260716T163446Z_Qwen_Qwen3.5-122B-A10B_factorized_schema_repo_dev_freezecheck_nothinking.jsonl
7db496a23167a0ed49f989fd4dd7d714d180943fda646e58d8834c6cbfab9158	508584	tri_artifact/runs/20260716T163827Z_Qwen_Qwen3.5-122B-A10B_factorized_hybrid_compile_then_act_v2_dev_frozen_nothinking.jsonl
937d1f87a7fea50cd1605bf5f2ac604335bc4c1a2fcaefb43a18741f6a9f6bc6	522489	tri_artifact/runs/20260716T164359Z_Qwen_Qwen3.5-122B-A10B_factorized_hybrid_compile_then_act_v2_heldout_frozen_nothinking.jsonl
30074c6e6f3a7cb9c3ea4c7fadd8bd5fa992c514a94e65f136f938b5b00584f9	324297	tri_artifact/runs/20260716T165006Z_Qwen_Qwen3.5-122B-A10B_state_overwrite_once_v2_heldout_frozen_nothinking.jsonl
3ebf0b2d327fc22d239db41d4b9677a6bba330d1edaf69aba0020767636e2d1a	323667	tri_artifact/runs/20260716T165119Z_Qwen_Qwen3.5-122B-A10B_full_history_once_v2_heldout_frozen_nothinking.jsonl
d33018422982bf40ce1f011fd54e9c8659d43b7ed62462a77f3a744aae67530b	509584	tri_artifact/runs/20260716T165230Z_Qwen_Qwen3.5-122B-A10B_generic_plan_then_act_v2_heldout_frozen_nothinking.jsonl
5541f803e1da13d4d7cf4f81bfbd8eb942e34188292c3c894ad4d35657fee241	451274	tri_artifact/runs/20260716T165820Z_Qwen_Qwen3.5-122B-A10B_compile_then_act_v2_heldout_frozen_nothinking.jsonl
5c912d7d65a423c92ead9c3ad653311fbca60ae9d7b097a809fdf6f3b1f55ade	93424	tri_artifact/runs/20260716T170443Z_Pro_zai-org_GLM-5.1_factorized_hybrid_compile_then_act_v2_dev_frozen.jsonl
f5a6c4cdaa9ff26abd8cf1ede8b396214def0a3974ff41691358caa36d7d75ab	325760	tri_artifact/runs/20260716T171359Z_Pro_zai-org_GLM-5.1_state_overwrite_once_v2_heldout_frozen_nothinking.jsonl
820639096f9d918f35264ed6fc6b8a4e2470e38dfd9fbf8861af3546886f20c3	325427	tri_artifact/runs/20260716T171722Z_Pro_zai-org_GLM-5.1_full_history_once_v2_heldout_frozen_nothinking.jsonl
fcbb4daaebf0c6a40d2d01123be1a1ee96693097a091a2ee3f8bbdc782465bba	501184	tri_artifact/runs/20260716T172041Z_Pro_zai-org_GLM-5.1_generic_plan_then_act_v2_heldout_frozen_nothinking.jsonl
5f81024acb1d1e9cfeb27b7cd90d7cb5804ac2ff0bf564141c2d8a64d25caeff	450341	tri_artifact/runs/20260716T173301Z_Pro_zai-org_GLM-5.1_compile_then_act_v2_heldout_frozen_nothinking.jsonl
b876ef609f3916709a8c5a55e7f7b10c2bdcb437c30592a15306fb4a8e34fbbc	508591	tri_artifact/runs/20260716T174313Z_Pro_zai-org_GLM-5.1_factorized_hybrid_compile_then_act_v2_heldout_frozen_nothinking.jsonl
bd67fdbeb61a432fcf66354902bd55fec29032bfde725c51194fa7280dee504d	61034	tri_artifact/runs/20260717T024830Z_Qwen_Qwen3.5-122B-A10B_generic_structured_ledger_then_act_v3_balanced_smoke_nothinking.jsonl
d0deae4e6aa3be3ad8ce17b323d850504888677995b447700d9840b6418e7b62	64425	tri_artifact/runs/20260717T024931Z_Qwen_Qwen3.5-122B-A10B_factorized_hybrid_compile_then_act_v3_balanced_smoke_nothinking.jsonl
ab61e7957b07a0e1b7161561ffec7a1a006cbac9e8169323fd39b1a37a512b76	491069	tri_artifact/runs/20260717T025047Z_Qwen_Qwen3.5-122B-A10B_generic_structured_ledger_then_act_v3_language_clusters_nothinking.jsonl
0ddcb6593e719549b0bda503b09d647924622f03fe2b5545c4500bd3f151ae5e	515534	tri_artifact/runs/20260717T030034Z_Qwen_Qwen3.5-122B-A10B_factorized_hybrid_compile_then_act_v3_language_clusters_nothinking.jsonl
cde1f4aec4f7ce673b44d5b99582663c15d1a2d0e3fbdfa5da81d2f4754121ae	249745	tri_artifact/runs/20260717T031033Z_Qwen_Qwen3.5-122B-A10B_generic_structured_ledger_then_act_v3_unseen_domains_nothinking.jsonl
d794660a4addb2500cab60cedf28ca9f0ee313a184df2e171a5f2d84eea27125	284466	tri_artifact/runs/20260717T031633Z_Qwen_Qwen3.5-122B-A10B_factorized_hybrid_compile_then_act_v3_unseen_domains_nothinking.jsonl
ae22f11c3208c853040e937464d2954f9950e99a234f45c33fa03d23074ffeee	63348	tri_artifact/runs/20260717T032426Z_Pro_zai-org_GLM-5.1_generic_structured_ledger_then_act_v3_balanced_smoke_nothinking.jsonl
46bd2a45fefb57584e94a4e035113494d625c4493b95aae77fd6ae395ef29474	62675	tri_artifact/runs/20260717T032610Z_Pro_zai-org_GLM-5.1_factorized_hybrid_compile_then_act_v3_balanced_smoke_nothinking.jsonl
07a44b564932e7f5fe43a7f6d865f152970745ca093fb9eb8b878c9410236d41	507654	tri_artifact/runs/20260717T032824Z_Pro_zai-org_GLM-5.1_generic_structured_ledger_then_act_v3_language_clusters_nothinking.jsonl
c03fcfa1f3fc0cf5a7f6fc9d7faf88cb7eeb730ac561d6c6853162d9b6c10c90	508265	tri_artifact/runs/20260717T034201Z_Pro_zai-org_GLM-5.1_factorized_hybrid_compile_then_act_v3_language_clusters_nothinking.jsonl
61d4b1b1e2fb0735c93eba099db8b00160a87fab11b7abac618ad9e9630c402a	32882	tri_artifact/runs/20260717T035352Z_Qwen_Qwen3.5-122B-A10B_sqlite_generic_v3_smoke.jsonl
5d63db4c458d77171f64acf29999fb90cf9170ef6bebb1b84cf70410b7219ce6	34179	tri_artifact/runs/20260717T035535Z_Qwen_Qwen3.5-122B-A10B_sqlite_lifecycle_v3_smoke.jsonl
9a66ef6b0e58eebc157428474855801b26bf5884e1b9d85528a504633e40afa6	164710	tri_artifact/runs/20260717T035659Z_Qwen_Qwen3.5-122B-A10B_sqlite_generic_v3_full.jsonl
5b5b4114872d02c524d26777b1c07043abe19c4e5143f0856975550697311199	168714	tri_artifact/runs/20260717T040055Z_Qwen_Qwen3.5-122B-A10B_sqlite_lifecycle_v3_full.jsonl
4aacd4636aef1af2cd03f044bd2a4f15ea78345b4bba80d97b3e36c399e0e558	35200	tri_artifact/runs/20260717T040528Z_Qwen_Qwen3.5-122B-A10B_generic_v4_policy_smoke.jsonl
52a8da500e0251c8782db2ee99a898a0f5595dddfe7188cbac351e6ecf51fecb	35054	tri_artifact/runs/20260717T040625Z_Qwen_Qwen3.5-122B-A10B_guarded_lifecycle_v4_policy_smoke.jsonl
48037bc7d0e9a04ff27763c058c2a0352f7a21702307cd945c697677a9cc3cdc	141607	tri_artifact/runs/20260717T040807Z_Qwen_Qwen3.5-122B-A10B_generic_v4_policy_full.jsonl
542b37960d80749f435c0b859f0ec442cfd3ef7c98d3f18a101f0f2dbace4ecd	159527	tri_artifact/runs/20260717T041209Z_Qwen_Qwen3.5-122B-A10B_guarded_lifecycle_v4_policy_full.jsonl
98ae10009367f1ad53325ac92580d9b24d1dad51e0982bf1b3b58baf3c269608	13583	tri_artifact/runs/20260718T162254Z_Qwen_Qwen3.5-122B-A10B_generic_structured_ledger_then_act_human_rewrites_v1.jsonl
3f47489455325e1b98424a7dce80f570708c8678904ff9af08544a8c865d0855	12507	tri_artifact/runs/20260718T162302Z_Qwen_Qwen3.5-122B-A10B_compile_then_act_human_rewrites_v1.jsonl
92aeda93640f7e68bff117f285e442b0d253a189b25be29d3e91bf54e942f5ab	14529	tri_artifact/runs/20260718T162308Z_Qwen_Qwen3.5-122B-A10B_factorized_schema_compile_then_act_human_rewrites_v1.jsonl
746222c67ccce034ca41b0e559ec1159428354acf566f66b258257d638e6b27c	14463	tri_artifact/runs/20260718T162314Z_Qwen_Qwen3.5-122B-A10B_factorized_hybrid_compile_then_act_human_rewrites_v1.jsonl
a6d6d3741ce8565ead3223e3b6b0e7b53465273adbdcfb8573d43eeec73c9b32	14868	tri_artifact/runs/20260718T162319Z_Pro_zai-org_GLM-5.1_generic_structured_ledger_then_act_human_rewrites_v1.jsonl
604df22d3c4d69ed415fd0b185ccf6e2f2d74669af9a3635c558e6219839cb34	12794	tri_artifact/runs/20260718T162343Z_Pro_zai-org_GLM-5.1_compile_then_act_human_rewrites_v1.jsonl
e96a95406100dd7fa5a35afe6db96b04ff3c991bc3786b29cbd0af2b086ef0dd	13681	tri_artifact/runs/20260718T162400Z_Pro_zai-org_GLM-5.1_factorized_schema_compile_then_act_human_rewrites_v1.jsonl
3bf96f710721523caf02d563bfc28929e294a0b7d99b893f636b083e5f747b7f	13399	tri_artifact/runs/20260718T162417Z_Pro_zai-org_GLM-5.1_factorized_hybrid_compile_then_act_human_rewrites_v1.jsonl
9a0c85d4bc452ad56be83c6ddf6f1b96d8ea6fa25bcc1d55b0e78b7826d8f258	161720	tri_artifact/runs/20260718T233452Z_Qwen_Qwen3.5-122B-A10B_generic_structured_ledger_then_act_human_rewrites_v1.jsonl
73eba1d070140684ffc5b5575b26e03ebc7c3dc70e415461def7412a1c715ef0	153466	tri_artifact/runs/20260718T233608Z_Qwen_Qwen3.5-122B-A10B_compile_then_act_human_rewrites_v1.jsonl
cf27fd201a382d82c4f94e49ebf450c5f98fadd02d612047b4c3ae711182dbc9	174005	tri_artifact/runs/20260718T233713Z_Qwen_Qwen3.5-122B-A10B_factorized_schema_compile_then_act_human_rewrites_v1.jsonl
0feb38977f4476aee3256face6943a95049fdddfb5287b870535fce05c734685	172618	tri_artifact/runs/20260718T233827Z_Qwen_Qwen3.5-122B-A10B_factorized_hybrid_compile_then_act_human_rewrites_v1.jsonl
7b25795265c5d2df487eb616f707424e2c4bcd6b876e11e8b1a6f4f9abf123a6	165971	tri_artifact/runs/20260718T233940Z_Pro_zai-org_GLM-5.1_generic_structured_ledger_then_act_human_rewrites_v1.jsonl
ca3fa75966f3ef79fc29b0ebfdb4b3970aa2cd1f39a11f98b38d544bd0be3b4f	154785	tri_artifact/runs/20260718T234334Z_Pro_zai-org_GLM-5.1_compile_then_act_human_rewrites_v1.jsonl
60ad07d1da8bd1188bf931e51eb5e6ee91ac6f7408b10be4e98864b07f9382bd	170226	tri_artifact/runs/20260718T234632Z_Pro_zai-org_GLM-5.1_factorized_schema_compile_then_act_human_rewrites_v1.jsonl
05bad667d80ddb331dffb1279e125cc9b339875b3455cf66bbb6b7db422e2f26	167909	tri_artifact/runs/20260718T234944Z_Pro_zai-org_GLM-5.1_factorized_hybrid_compile_then_act_human_rewrites_v1.jsonl
911a9235e6069c0f06eaffa960449388e1bef3f421eb18077fda094c74854cd6	480862	tri_artifact/runs/20260719T052744Z_Qwen_Qwen3.5-122B-A10B_generic_reference_mode_v3_language_clusters.jsonl
df4547e9873f35059a6194d02fedc6e28781153c9f81bdd1cdd798d66a5f56c2	491384	tri_artifact/runs/20260719T053247Z_Pro_zai-org_GLM-5.1_generic_reference_mode_v3_language_clusters.jsonl
e933c8cbff003d2cad7c6063a01adc98d4a251a6ca8efc34f2e223d821d6cf40	30207	tri_artifact/runs/appworld_naturalistic_simple_note_Pro_zai-org_GLM-5.1_full_v1.jsonl
f999586d22f6b21b71d641f3513d7aed0e502c4db19b9884d45b9b6bd7e0cf5b	29439	tri_artifact/runs/appworld_naturalistic_simple_note_Qwen_Qwen3.5-122B-A10B_full_v1.jsonl
3801123553f35864700885d45bd1a392f1fb8380397de81889786c855efda796	32703	tri_artifact/runs/appworld_naturalistic_todoist_Pro_zai-org_GLM-5.1_full_v1.jsonl
ac8467fd473041d77c2508074e2f28a018c762257a1bff402fa838474dc237a5	32106	tri_artifact/runs/appworld_naturalistic_todoist_Qwen_Qwen3.5-122B-A10B_full_v1.jsonl
3b2530b7051ace6976a218302db53c27b2a673bf82077e3c51806e7da84ac404	33622	tri_artifact/runs/appworld_tri_Pro_zai-org_GLM-5.1_full_history_full_v1.jsonl
53976cfe76ce092ef6b95ae6391d2d7b21e95b0db4c3689101e07fc608fbbffb	33678	tri_artifact/runs/appworld_tri_Qwen_Qwen3.5-122B-A10B_full_history_full_v1.jsonl
f327b669ccf00e0bd9f4087baf673239ff6bd6d0e7129a40be060a9fcd83d2b6	8564	tri_artifact/runs/appworld_tri_Qwen_Qwen3.5-122B-A10B_full_history_health_v1.jsonl
65db55739234ae4eeb08d1e336c84aa1b54d09484474cac8164c30db2b458ca7	31558	tri_artifact/runs/appworld_tri_simple_note_Pro_zai-org_GLM-5.1_full_history_full_v1.jsonl
7e63d0d57ac43402352d51058345c27ad44c30d5ac8acc02a1322f536dcd6ae7	30562	tri_artifact/runs/appworld_tri_simple_note_Qwen_Qwen3.5-122B-A10B_full_history_full_v1.jsonl
dd62647f45dda15d87bfae5b7b378c2ef2bb11b4b346f2915409e30d19e0af13	61823	tri_artifact/runs/binding_drift_tri_glm_self_reverify_smoke_v1.jsonl
f3c7a69258cf6ea42841a726f63f8d29207bfe7d406d3059b786fb6c9e732877	725076	tri_artifact/runs/binding_drift_tri_glm_self_reverify_v7_full_v1.jsonl
7a6ad4b2c092de0f47b0355bf9d09327a308244984fd5657b2a1888956d69f5e	58357	tri_artifact/runs/binding_drift_tri_qwen_self_reverify_smoke_v1.jsonl
0d1995d14d1322a6b5597c6a85b4483b88683a11dbd7edadc5d6b5028d1caf70	92676	tri_artifact/runs/deterministic_discourse_rule_human_rewrite.jsonl
e42fe9d0a060156bbd1ef96a6ee399266a6b24a8951b4dab9927955534d748f3	92464	tri_artifact/runs/deterministic_discourse_rule_v2_human_rewrite.jsonl
97f55b53a27ddd964a1484a4a6ea9d94b496ecca2bc3f1b45d156de290497e6d	267962	tri_artifact/runs/deterministic_discourse_rule_v2_v3.jsonl
8b7cc1a5c8f0fb3944562c6ff19931b4bdfae330a2f392a974a87c9bc4fae4ec	537428	tri_artifact/runs/deterministic_discourse_rule_v2_v7.jsonl
9a4a2a5d40a34a5c99cb76d6da4b9ec275aa5d1cff190f0282a555589f6671b7	268576	tri_artifact/runs/deterministic_discourse_rule_v3.jsonl
1c3392003669b349079949ce55f295668de304dcf59dae6b951664a6fa15464f	537884	tri_artifact/runs/deterministic_discourse_rule_v7.jsonl
751d7beacfeb058fb88b2d91eac2a91d7183ef6652c4faf19940ce50e763d5e8	2539500	tri_artifact/runs/frozen_heldout_sqlite_replay.jsonl
e77faaeef35d77f884ceb3a7681deb876f4bcde78033aa85d31eadc828735152	118078	tri_artifact/runs/method_upgrade_closed_loop_glm_v1.jsonl
e859a016949aaa57c293806bfe5ae837de306a29da221399c05554b6b961bbb9	107242	tri_artifact/runs/method_upgrade_closed_loop_qwen_v1.jsonl
46dc21b3a0bfffd72b18abd35bc767cd8a4e9d5fb7658c26c690fce9d3d238fd	6249	tri_artifact/runs/method_upgrade_preflight_glm_v1.jsonl
d8db831c40f8150289999b3d7a7d35712a09bc81a1aebec16ffe9bbd6f0c96f2	5638	tri_artifact/runs/method_upgrade_preflight_qwen_v1.jsonl
fda2ae07701d5a3a2ff634fbfea5abea2a0e00f94d514111a2bfe15d8d01af05	2817	tri_artifact/runs/smoke_schema_glm.jsonl
0b7c0d9ee69d88354ab0b8fb4d673639895b7d60a23af77c5f788258ce75d92a	72802	tri_artifact/runs/toolsandbox_tri_matched_glm_gate_replay_v1.jsonl
3e197645d5d26d6b7472f8ec26424d08089f634aa88d8e970a53e5123f138823	234239	tri_artifact/runs/toolsandbox_tri_matched_glm_heldout_v1.jsonl
caf237854977a63358fe530dd050eb9345bd0ff585395efc8c37fea74fc9ea1e	72394	tri_artifact/runs/toolsandbox_tri_matched_qwen_gate_replay_v1.jsonl
7fdfcf87f4a2b64df780fb4bd9042113fea805bc54314afb0715c3d66763b96e	232372	tri_artifact/runs/toolsandbox_tri_matched_qwen_heldout_v1.jsonl
2dcd5f81e1a965ed5c7fe798e10ebd22133f45378150885dbcd16332a83f33f2	37895	tri_artifact/runs/toolsandbox_tri_matched_qwen_smoke.jsonl
38181ff1407a8322a3e36295ac54f5b61748b4eb3797f3d780a677b479df5c47	226427	tri_artifact/runs/toolsandbox_tri_qwen_frozen_v1.jsonl
a6567fea6bb3723f212a7686712ec36f7a0a1c133427af85313b36fea0e41406	36746	tri_artifact/runs/toolsandbox_tri_qwen_smoke.jsonl
700e8934a5ddc47c5b7d6c02435034c91e1da73d2a1297dd52b683f25ed7380e	294671	tri_artifact/runs/toolsandbox_tri_single_turn_Pro_zai-org_GLM-5.1_full_history_full_v1.jsonl
277065ea8e00cec6aaa0ae8d1c33f82d6d5dbef036a1026917b9515ad38ac629	25451	tri_artifact/runs/toolsandbox_tri_single_turn_Pro_zai-org_GLM-5.1_full_history_health_v1.jsonl
4a323691a4a752c3dbd22638d2cb6317f8470a1292cb6e4945110f20fa433911	416588	tri_artifact/runs/toolsandbox_tri_single_turn_Pro_zai-org_GLM-5.1_matched_generic_state_observed_full_v1.jsonl
5b12709c14ebbf69cd9ce27e3de30a2bdf25f3375de001d534fa7f88b06b3275	35304	tri_artifact/runs/toolsandbox_tri_single_turn_Pro_zai-org_GLM-5.1_matched_generic_state_observed_health_v1.jsonl
17ac69cdb6a0471170898228041ec9d15cdcf9ed0180bc89a2504f3b7a1e220f	295586	tri_artifact/runs/toolsandbox_tri_single_turn_Qwen_Qwen3.5-122B-A10B_full_history_full_v1.jsonl
8e03d891a276ee6fafcff2984df0fae9d544f978034992d3af1c151c24a1b097	25514	tri_artifact/runs/toolsandbox_tri_single_turn_Qwen_Qwen3.5-122B-A10B_full_history_health_v1.jsonl
553cb660cb92c5edacb2359d405613b84c02acec606e1dd89ea9304a01136c70	34305	tri_artifact/runs/toolsandbox_tri_single_turn_Qwen_Qwen3.5-122B-A10B_generic_health_v1.jsonl
285628c2c0b1e3217bfae30e6f11c17706412ac6f6534feeac3eec45dac338c8	372660	tri_artifact/runs/toolsandbox_tri_single_turn_Qwen_Qwen3.5-122B-A10B_generic_state_observed_full_v1.jsonl
ea107b4c1efaaaceae17f62be1a0c9a06c4e69a4d1d864471d4042d3e7239dd4	33027	tri_artifact/runs/toolsandbox_tri_single_turn_Qwen_Qwen3.5-122B-A10B_generic_state_observed_health_v1.jsonl
147465e0e8529600a385c1d2a935cb4fd6af875c6d0f18876f8655242a3dcf3b	410522	tri_artifact/runs/toolsandbox_tri_single_turn_Qwen_Qwen3.5-122B-A10B_matched_generic_state_observed_full_v1.jsonl
34b7b6df88d7ec5d57fe47c5557cbcf6eccc16d2996716034c2fbae12bd4231f	34088	tri_artifact/runs/toolsandbox_tri_single_turn_Qwen_Qwen3.5-122B-A10B_matched_generic_state_observed_health_v1.jsonl
10dd0165af2b20c28ac16d1730cae52868c8e4aab44adf40bc18ff9589c7d46a	14445	tri_artifact/runs/toolsandbox_tri_single_turn_qwen_full_history_network_blocked_v1.jsonl
fae3f34a8c49a5988ce786b3cdbe3a84da00ffda347266e63493aa79c1ceabbf	4214780	tri_artifact/runs/v2_tool_ablation.jsonl
044b741449da373fd362a6cd188a333947fbbb5507bfbf97b319f60d1dfe312e	575793	tri_artifact/runs/v3_alt_qwen_late_compiler_full.jsonl
749a9e798279375a5fde2b4c08f1e9b9facfbcb797394c48a60cf4a7d2271d19	70296	tri_artifact/runs/v3_alt_qwen_late_compiler_smoke.jsonl
00c4b1d383b70c1fc762d97887f76bea96726c41234c2fd4f2be47be3094a21a	430048	tri_artifact/runs/v3_alt_qwen_reminder_full.jsonl
a6f9772dda554efd19af29237f936038fb92d4424d5c07d1c07fa2cfd8b3b8dc	53294	tri_artifact/runs/v3_alt_qwen_reminder_smoke.jsonl
a7a2b94e2a19163bcbec77bfb8cbeb8e2f16c604befa391461c2ba22efca7105	454106	tri_artifact/runs/v3_exact_predecessor_glm_full.jsonl
7fd0dcd9f41fb631183c1768d5856f4c4acd2a2ad5fd80d45c2ff9e1c597b876	11736	tri_artifact/runs/v3_exact_predecessor_glm_healthcheck.jsonl
31197e7d9781c9a8c78fe251ee43bf7b5f70a3dab6949116f426a9a1a54217cf	463708	tri_artifact/runs/v3_exact_predecessor_qwen_full.jsonl
6637fe26c86d71d202188a46f614a194c796a9033b70c7670dd3926f4ab407f8	11860	tri_artifact/runs/v3_exact_predecessor_qwen_healthcheck.jsonl
415088f104b7a65bb4350d2b5ced7a29ac34015142c5467e6b707fe5f6fbcc6e	3062	tri_artifact/runs/v3_exact_predecessor_qwen_healthcheck_missing.jsonl
e542e98a2cbbbc332cb708d4eee8dc05fe207c4b43ff0ae73166eb26c08c84d6	514719	tri_artifact/runs/v3_factorial_glm_primary_generic_validity_gate.jsonl
753f11c0051c3678b51336ad6170d31090bc1528b02b15cb56309cbb4bea9aa2	533140	tri_artifact/runs/v3_factorial_glm_primary_lifecycle_free.jsonl
7b37485cc8103b9468d56c3b75df74e35fa91855626a071bf79665fb63e7b0e9	65769	tri_artifact/runs/v3_factorial_glm_primary_lifecycle_free_smoke.jsonl
670a639b225dd5fa80bc3fe5e15827eb496c04d5459b533cac2c66b06b07f1dd	498121	tri_artifact/runs/v3_factorial_qwen_primary_generic_validity_gate.jsonl
7bb66ed012f98df7f0efeacac98a31ed35cd43caa0a1daff62f6b49bd047d55d	539261	tri_artifact/runs/v3_factorial_qwen_primary_lifecycle_free.jsonl
3224a57abffbc0e7727add2f4a69e684ebf7cc47b4634cee1fc7747588fab1bf	67380	tri_artifact/runs/v3_factorial_qwen_primary_lifecycle_free_smoke.jsonl
1c22dc2bb91a9a8e39619f6fcd1a60dfe518021f5b4a8a88a1ad28f652da8f45	166190	tri_artifact/runs/v3_factorial_qwen_sqlite_generic_validity_gate.jsonl
ad1ef95857cf8ed53379d3c0703beb2d0414f09337e2fa5078ccb827872d94e6	174802	tri_artifact/runs/v3_factorial_qwen_sqlite_lifecycle_free.jsonl
e2047b06fdba792e9d2ad5082190a3fe27d0c679646f6d0a7369292154c158d8	35391	tri_artifact/runs/v3_factorial_qwen_sqlite_lifecycle_free_smoke.jsonl
86d1025ac720e178c5f1cd14f6a963c5a95f879509cda6957cb420642d86cda7	253265	tri_artifact/runs/v3_factorial_qwen_unseen_generic_validity_gate.jsonl
1e53bf8df3d6a10b8557f50272837ff2fec998916e790eb1ae1ec6a48a5d9c91	296349	tri_artifact/runs/v3_factorial_qwen_unseen_lifecycle_free.jsonl
3937dec6e804a89ae1923187b776042f706c1e9ec40506aaf8f8ca8b37844f84	498472	tri_artifact/runs/v3_glm_language_sqlite_replay.jsonl
9d210ddaa7eaefc1dcc8e5898b1a3e433d86c71232c0b910454fc07d59ccf0e7	170442	tri_artifact/runs/v3_glm_sqlite_generic_full.jsonl
b3a4ebd0b0d97f78aef7df7cf225e396ea6dd17ffc58640ef3c52c4ee60fb86e	33731	tri_artifact/runs/v3_glm_sqlite_generic_smoke.jsonl
334306b42efb9ece2afa99bed5af561482ab3b98409f2ada306392d1279441c1	167933	tri_artifact/runs/v3_glm_sqlite_lifecycle_gate_full.jsonl
80c54c228cb8e69e2bb477a26f6cd8ac94e69163d7d30516957cf55f24b69209	33386	tri_artifact/runs/v3_glm_sqlite_lifecycle_gate_smoke.jsonl
db827d3ebf03d17bcdbdb0460b2d5dcf9c2aed38400c18776eec7d3eec013545	512297	tri_artifact/runs/v3_prefrefresh_untyped_glm_full.jsonl
70ac024aae8aeb1fddccb45d489e706fe5566fffd0eca20d2d3dc921564faff6	64098	tri_artifact/runs/v3_prefrefresh_untyped_glm_smoke.jsonl
38b349c97cbba37ced91fbf8e2906a1ad8a203dbcdfc379d66e7c0fe0c2a8fb1	542193	tri_artifact/runs/v3_prefrefresh_untyped_qwen_full.jsonl
5d75e25feb3798fc09de49dc9f99e1e7fe1f9043709a6c57a9945f702a3beb44	65441	tri_artifact/runs/v3_prefrefresh_untyped_qwen_smoke.jsonl
cae9fdb6fb412ee7449e4b671a238e358e6dbadfcbbd59beac5317488f3fb433	499273	tri_artifact/runs/v3_qwen_language_sqlite_replay.jsonl
8aad3b511239a4beabc43697ccfd9f0474145d09dd2fb8c0cb703d152bee437c	252526	tri_artifact/runs/v3_qwen_unseen_sqlite_replay.jsonl
f776aadc1be9994a79333a4223f57444743ad2f35593862d0944db1d95b75ed4	230747	tri_artifact/runs/v5_qwen_multirefresh_generic_full.jsonl
1319d46ff2d0e586edaee95056dac023fa659788de353817fb663ced99a55097	46237	tri_artifact/runs/v5_qwen_multirefresh_generic_smoke.jsonl
d8eba1b6a3ee50077d72ebe98087539e51f5db10d6c5a1e698c0d75150d51694	239974	tri_artifact/runs/v5_qwen_multirefresh_lifecycle_full.jsonl
776a1574b812b1bde8b3cd97abc9e9a9566b9f2bdb597595c61ef9d082c573a8	49340	tri_artifact/runs/v5_qwen_multirefresh_lifecycle_smoke_clean.jsonl
59f8c58975540060b0bbc65c66140d2026871af0fc1cb39e8d7b9ffc1d851bf5	225198	tri_artifact/runs/v5_role_indexed_qwen_full.jsonl
8ec23f24e097556a83a086c315672db147fae50b799215725a1c0da7ed8645b9	45005	tri_artifact/runs/v5_role_indexed_qwen_smoke.jsonl
ca8f81dc48f88e36646009f61e735ae2e7835fbb40f44872733c3e29ab61f8cc	159689	tri_artifact/runs/v6_glm_exact_cta_full.jsonl
de41a32c238b158e3c496d8f0d33f7d7182a1ffe9ae773008e877a7335345ac7	16261	tri_artifact/runs/v6_glm_exact_cta_smoke.jsonl
83fb4a3b78a31397d4968e3f591426403119b5abe57b1e8effd56fc97543e2e3	163938	tri_artifact/runs/v6_glm_exact_cta_transport_recovered.jsonl
dad780fad117de95fec68c2ebbe6fc18edb876ba972f3683d1535beeff4b218e	16218	tri_artifact/runs/v6_glm_exact_cta_transport_retry.jsonl
76dfb43ec73d1fdbeccebb7161017dd3fab3a9185f4243f0099b242d4878f7df	224222	tri_artifact/runs/v6_glm_role_indexed_full.jsonl
00c0b867e2db1bcf5079a8f35619fff287b88782249cda82711ed02a5aa514fd	22741	tri_artifact/runs/v6_glm_role_indexed_smoke.jsonl
041bcd01538079d0fe8cb1c043ffca47dc0ca41899533174899a636fc9f17ace	230274	tri_artifact/runs/v6_glm_role_indexed_transport_recovered.jsonl
008eb6f690d78593b710b10230fb45f672bb7615a5d65dbd8d15f1b7fb5f7a09	16780	tri_artifact/runs/v6_glm_role_indexed_transport_retry.jsonl
5c4d3186336e016ddf3ad4d52e07a1c167d5de282f0ae67b4e1b8f3e6b99f293	239113	tri_artifact/runs/v6_glm_scalar_lifecycle_full.jsonl
630568c25a080a44563afd1229dd2d6c3015c5360f633583e8634543914d090b	23959	tri_artifact/runs/v6_glm_scalar_lifecycle_smoke.jsonl
c93d0fed85e74a268ad0ed2ae8e9c0da7dbd83a1543edd5c66f1ba56f47be0fa	166586	tri_artifact/runs/v6_qwen_exact_cta_full.jsonl
28acb6f604221e6a748cdb9cdc22574905f29853269b61912d2122b9146f4607	18803	tri_artifact/runs/v6_qwen_exact_cta_smoke.jsonl
114ebf11b9340eff2548aff88877509ac4539c945c4488737d9d8db8990b9aed	230292	tri_artifact/runs/v6_qwen_role_indexed_full.jsonl
d6ea7f354ec4da90caacfb577e640047de19f1c2f8b061dc58418751696b2309	22859	tri_artifact/runs/v6_qwen_role_indexed_smoke.jsonl
51ceffd685ab808a425fca737f7da3eb684a5ff73f040101058029b2c141a571	241651	tri_artifact/runs/v6_qwen_scalar_lifecycle_full.jsonl
6869b03618d7e6badf470476420480849553fc8e443eaac8731fb7e88e976299	24874	tri_artifact/runs/v6_qwen_scalar_lifecycle_smoke.jsonl
387a70c846c6b2bfe6f0ac59bfc86300c4ef175b600d6ac2598db848e2d20ae6	2857057	tri_artifact/runs/v7_core_sqlite_replay.jsonl
53e5edaa3d47d8d88e395e2a41a5aebaa4b53838fd41361dfbceb4d3b528981d	57714	tri_artifact/runs/v7_deepseek_compile_then_act_frozen16_v1.jsonl
feebe4689c5ec8c313dcf094567f38ab6c3beeead1a4a2446a28341c96441cc5	959888	tri_artifact/runs/v7_deepseek_compile_then_act_full_v1.jsonl
bd74e711e0eb2c698cf2aa36ba984303ec238bfcb35067ebde963bd9308b5000	14236	tri_artifact/runs/v7_deepseek_compile_then_act_health_v1.jsonl
fce5e2b3f30b322fb121e62ee327017d8a62fac78c173e80a65656b60987a83e	686447	tri_artifact/runs/v7_deepseek_full_history_once_matched_full_v1.jsonl
718a2f6e5c06d591609bf93e25582cf91c0e2a4fe07670ac97c3ed85caa2a2dc	46549	tri_artifact/runs/v7_deepseek_full_history_once_matched_smoke_v1.jsonl
9537f07a21e65447229f78442b83d40529e480fe4070529bee38a617ad22958c	60062	tri_artifact/runs/v7_deepseek_generic_structured_ledger_then_act_frozen16_v1.jsonl
088d34601b0550bcb62d7d33c28575fd0e6894e8b8d6f6d4d52da82da3819397	1002608	tri_artifact/runs/v7_deepseek_generic_structured_ledger_then_act_full_v1.jsonl
4ba2c0067bae36cdcb0208409df55762c4809581fa0bd4b76a77b258bfb1f9d5	14583	tri_artifact/runs/v7_deepseek_generic_structured_ledger_then_act_health_v1.jsonl
8bf26098f57b1375d703c0d3a9e5f59a80403aa6f62e319c36806a32bf05c34b	746218	tri_artifact/runs/v7_deepseek_interactive_matched_full_v1.jsonl
102908f8c80d464964520e7424f6f0962f1e3b7e4a33df46ea90f39ebee906ab	50521	tri_artifact/runs/v7_deepseek_interactive_matched_smoke_v1.jsonl
e9b3e9fa53f1991af1c840a25625ae691c552d9219f7cb2bf104c8a60ae82027	954634	tri_artifact/runs/v7_deepseek_sqlite_replay_v1.jsonl
87eb48ddf9f71e18862a2e51006b436127b72f291a72b473bfbdb61d25d6ec75	821260	tri_artifact/runs/v7_glm_compile_then_act_full.jsonl
e8cbdd0a9534522c1a2955ed93756841936d790311b9a6023fb4134a379d5d47	41218	tri_artifact/runs/v7_glm_compile_then_act_health.jsonl
5f5906905269a25dabdfffad35168e19e01f4688fd1388acd8f6918faa8ef53b	893926	tri_artifact/runs/v7_glm_factorized_hybrid_compile_then_act_full.jsonl
f65672bc5d46027d0601b26772c45b2bc30adc18ee736c6bf1a39d4b2f561c31	43939	tri_artifact/runs/v7_glm_factorized_hybrid_compile_then_act_health.jsonl
b4c9136a9fc1c3632dc14b9a457b144aece00ec9d20d6c6116e89f49556794dc	686928	tri_artifact/runs/v7_glm_full_history_once_matched_full_v1.jsonl
e82e0555d04d0742b8bd8764537b0d42250a7b433bd92b1af27e0d2ae3b8fc05	46549	tri_artifact/runs/v7_glm_full_history_once_matched_smoke_v1.jsonl
773c8bbe3ab65f4e5899568c6440bbd303a840521975f4504d1bcd33c4ee0f0e	887103	tri_artifact/runs/v7_glm_generic_structured_ledger_then_act_full.jsonl
28e255d5087bc7696c7f7797a39d86f8311cb13f732e7b6ef4f05ae1c64ea913	44207	tri_artifact/runs/v7_glm_generic_structured_ledger_then_act_health.jsonl
e185ee3586b30b6ede15736538dffb3ff3ba7b24c2a49197ff6c10e2e27a7933	751278	tri_artifact/runs/v7_glm_interactive_matched_full_v1.jsonl
b5161d2dc13a937520408c7f53500316e9cc6a3a12fade738bc37b0bfb7756eb	50849	tri_artifact/runs/v7_glm_interactive_matched_smoke_v1.jsonl
03216b6c6e2ad806f0a41ac89c0abcb6cf0def849ad09700d0ab2fdb58a359f8	2833181	tri_artifact/runs/v7_matched_full_history_sqlite_replay_v1.jsonl
8975072588396f30f74b1a46b19238f053d680212cce5fc7692f5621fdb6adcf	846607	tri_artifact/runs/v7_qwen_compile_then_act_full.jsonl
38d814e93101f623e543e63158fef64011f67f6d06936c8350a3b761ab0ad994	41646	tri_artifact/runs/v7_qwen_compile_then_act_health.jsonl
7f13cee82f434a66a0a58993463337f7552526859c4c37d851422af4e898d6f5	967468	tri_artifact/runs/v7_qwen_factorized_hybrid_compile_then_act_full.jsonl
d9581d2dbb642451d73433f7c3728f627df382309aeb3bf7fada30796748792b	45606	tri_artifact/runs/v7_qwen_factorized_hybrid_compile_then_act_health.jsonl
c05d7029cac932ccd203a085544c7a13ebbfbeabfc9e00c9851dad27d4926d6c	644540	tri_artifact/runs/v7_qwen_full_history_once_matched_full_v1.jsonl
0d1c00e6b50f7d601f558b269c8b1f38a38f605c5135d86fbaf24663ea33c947	43737	tri_artifact/runs/v7_qwen_full_history_once_matched_smoke_v1.jsonl
91d7d042e4539d7e748fd213ce096ffb7018ac9f1efa14e9bca4c1b4de8d2a4b	872156	tri_artifact/runs/v7_qwen_generic_structured_ledger_then_act_full.jsonl
0333722e80b91b06371bc8cfa24873ea587636af7ce22be108328a444d52e9ed	43268	tri_artifact/runs/v7_qwen_generic_structured_ledger_then_act_health.jsonl
5c0d70f535928215d33fa1995c9b275634921b0e2a46e1594492d66b00327384	666298	tri_artifact/runs/v7_qwen_interactive_matched_full_v1.jsonl
be9307dee93dfc2b80306ef6eff51c080449b211dd367aff2af283497976acbd	45192	tri_artifact/runs/v7_qwen_interactive_matched_smoke_v1.jsonl
76978c385776e3dc11e3d107f59728a8244a1aa627e4ce58acc5399fea783d69	156962	tri_artifact/runs/v7_repeat_glm_cta_r2_v1.jsonl
374b7e9ce52d33ebebed9464995e396f04d8af172122d00fc562971e39163c95	157240	tri_artifact/runs/v7_repeat_glm_cta_r3_v1.jsonl
2fa7e5b583d96f6682ea12cb88da547c40c6b4258cb3eb2d614742232e11d85c	168685	tri_artifact/runs/v7_repeat_glm_generic_r2_v1.jsonl
9d2ea92bf54fbf29883d549d71c90d60c012558c16a3d61d3a0d1478bdb342c2	168431	tri_artifact/runs/v7_repeat_glm_generic_r3_v1.jsonl
a3e6d8e8ed6ca690fae7cac4ef7d454a7d802ca8395b48b22b744462e93a273f	150178	tri_artifact/runs/v7_repeat_qwen_cta_r2_v1.jsonl
9107ff971e593f738f81732facce9e1465b9923c4c9364ab526664148775e3ca	150713	tri_artifact/runs/v7_repeat_qwen_cta_r3_v1.jsonl
3dfc13ad9929872351515110346e497d39190081750081a7539d65b5c3f41dc1	151992	tri_artifact/runs/v7_repeat_qwen_generic_r2_v1.jsonl
05b1492033de3a767bca026479d2e5b91249438cd9e9876288fcf3ea0b287ba8	151759	tri_artifact/runs/v7_repeat_qwen_generic_r3_v1.jsonl
ee15a0253160428b107553da397b00b9cf6299f2788eff0d156ae569301f03a0	2253	tri_artifact/reports/TRI_appworld_custom_protocol.md
bddb061325913447c5b91122e2f6d713196b5ae907f26689c44b956206fc74c7	2520	tri_artifact/reports/TRI_appworld_naturalistic_baseline_protocol.md
05b7d6b612e42a9fd096bd851e99c4ffc8ae75643a16bfe2be16b9bfecf83f02	1534	tri_artifact/reports/TRI_appworld_simple_note_addendum_protocol.md
4a744632ca52a2ac59f581a885481facd6053525a5f0b98ca8a3a5ef35528e68	3804	tri_artifact/reports/TRI_binding_drift_author_adaptation_smoke_protocol.md
15ec4013ad14d1d4ab309cbd98b3c68bfc705ec0057c59cb1438c7f99050f59c	4057	tri_artifact/reports/TRI_binding_drift_author_adaptation_v7_full_protocol.md
533bb5fd2789cd8090665e3f5690cb6608ed5e902ef2b793c55c611054cb68ba	3200	tri_artifact/reports/TRI_deterministic_discourse_rule_protocol.md
72343670f32b6d80c33b5de779002ee6b4c2acfb7f2f57ab05d33d6f11637ceb	1526	tri_artifact/reports/TRI_deterministic_discourse_rule_v2_protocol.md
03990cd97fea939fcff57daa5ab7d4ea1cc2c8fadfb61c6faa6a5c675afa8147	7656	tri_artifact/reports/TRI_external_validation_v1_summary.md
645a5892e09959d9b5bac960a3d22e8a64ed409e908a6e1fed5bc679f1a5e810	2317	tri_artifact/reports/TRI_human_rewrite_execution_log.md
154cae42fc3d8f341bfb99e77f3b73e3c6303742aa6d2af6e9f6c70520df0f9d	2680	tri_artifact/reports/TRI_human_rewrite_model_protocol.md
cd5667ea47394836273ebb08b9db3ef4dcca8a9db6c569dbd5a6ae4eb874722c	6583	tri_artifact/reports/TRI_natural_instruction_elicitation_protocol.md
004363550113f73f8367f42f750ef3501f4a73a6e3a36c0d89ae188df3109120	7204	tri_artifact/reports/TRI_public_external_validation_protocol.md
daa2cfeccd5792ec0ed6bc48004d620dc006cd29eb79af41c9a1197e51724b5c	2257	tri_artifact/reports/TRI_reference_mode_ablation_protocol.md
447d536425b46ab5cfb3debb213297fdd2ab948c5845e516de928b88bb07ebb8	5442	tri_artifact/reports/TRI_reference_transition_formalization.md
46f46da17cf2f43fa4b6d071744d2ef5623d51d4ec3dc590f47030679a59b9e5	4991	tri_artifact/reports/TRI_single_user_turn_trajectory_protocol.md
d889dad778f420cc4d581cbe394f78ad788e457994c05c96d617399070d9266e	2986	tri_artifact/reports/TRI_v3_alternative_explanations_protocol.md
5e9665b2aed1e3d9f425aeb07b1eae646a6290d119714e7983e3c65de64650d1	3330	tri_artifact/reports/TRI_v3_exact_predecessor_protocol.md
88a8a591725a389af15e4875c98a9e787d360823a453353193588beb0598ae97	18722	tri_artifact/reports/TRI_v3_experiment_decision_log.md
c2346e9d6b96b6e7b7d1572461f56927c7ed2ef011e0aadb37e0b3d2049e3bbd	4608	tri_artifact/reports/TRI_v3_factorial_addendum_protocol.md
a5ca90e934ff5706eeb9c6381fae3d1a692e4993c9ea4315efd10a0eebf9d138	2392	tri_artifact/reports/TRI_v3_pre_refresh_untyped_protocol.md
2d3739a3a7ff72a1aa584037e49abeb9486a3e5901cb03fe56802b3ed8bc1b63	3679	tri_artifact/reports/TRI_v3_preregistered_protocol.md
64f862695ac41e8741974438b58fcb0cbad3aa7d1c76b0923d6ae757de0dddda	3229	tri_artifact/reports/TRI_v3_sqlite_trajectory_protocol.md
d5bc3e890852b46e9814fdc0fd23b95a294e6b8f691c77dca49b4d50797e13f3	3804	tri_artifact/reports/TRI_v4_policy_protocol.md
85235bbde7e09cdce6648c3d1e4c4d931f8714b9f3da2fb3ec4f6449a118c767	2880	tri_artifact/reports/TRI_v5_multirefresh_protocol.md
563bb0919d4a466b41898cfd9475bc8a7025b9b3eba848f8eb6af326633990bc	1606	tri_artifact/reports/TRI_v5_role_indexed_addendum_protocol.md
bb30cbb42b01358d578534a7dd3dc6e14a73033f9d4fecc1a91fc1f0247fc461	2209	tri_artifact/reports/TRI_v6_matched_scalar_addendum_protocol.md
03654934ef15a3d44ac09b8bdbd90c18f85c0c124efa46cb33f6583f5a4aa79c	2424	tri_artifact/reports/TRI_v6_role_heldout_protocol.md
23a46dcae9a35cfd6933ba9b872d8a02b9ae44eb3fef55e4e5a8c417780d6663	3911	tri_artifact/reports/TRI_v7_core_replication_protocol.md
21ac0242fe70ec77a3da74177edc89f915fab2cc6085fc169dd7352e35042e98	3813	tri_artifact/reports/TRI_v7_experiment_decision_log.md
a322a90c00683334a1ae6df4713a9848419e4b546ae353ad9c86b55096d96e8b	2093	tri_artifact/reports/TRI_v7_matched_full_history_protocol.md
7231edb4cd7e2deb544d45bc6beb49e2ef162102606b79ee25436505492e4b36	1826	tri_artifact/reports/TRI_v7_repeat_stability_execution_log.md
ac5fae308a098bf3539b9026a68057734bb93b476c4c957297774f69b58571fc	2558	tri_artifact/reports/TRI_v7_repeat_stability_protocol.md
0babe38dffdc57a3cb399ecd312f5d38d3c2aca2cf63809b5f515856cb8eccdc	3976	tri_artifact/reports/appworld_naturalistic_v1.json
cb5c13150fc808e1a75c8615cf2aac87145a5905fda77bc00021e536c61aa6e4	2076	tri_artifact/reports/appworld_naturalistic_v1.md
a48fc4175d8cb8f5c8199df8d50798207e117e42b4bdcba5c8e0cc6b3ba230c3	45257	tri_artifact/reports/appworld_public_trace_tri_audit.json
75cded7758f57f0dd0acfbfac5b6a10e7136fd02868df91aacf4ae179c5f49b1	1950	tri_artifact/reports/appworld_public_trace_tri_audit.md
8f368475249d1fe86ac1a940dee411e4eba945b5d2693d25e941184c957647af	1815	tri_artifact/reports/appworld_tri_full_history_v1.json
5190a1fe5a4d822b6a2cb0c152a5e3414cb364ed61455798f0200bc0091d12c0	1775	tri_artifact/reports/appworld_tri_full_history_v1.md
61f458c7c41994575d25dfc6c423316d5ee370afa21ade837a8872f1b3f69c36	4474	tri_artifact/reports/appworld_tri_multicluster_v1.json
c6227a9f8e89e7f2ea35e3ebcca5fa7354c9a6b4d19b82b14a9394704e43d05f	2695	tri_artifact/reports/appworld_tri_multicluster_v1.md
5f4091e1ebcd73926e46d6a206d492d19f10cf55d4ee4d92d7d0ce886c6602a2	2676	tri_artifact/reports/binding_drift_repro_audit.md
5a54463744410c19edca53b228208247c530742b840c5af8c8e7f54b14610570	4583	tri_artifact/reports/binding_drift_tri_glm_v7_full_v1.json
a5b67d0d88e30ffe0fc22b97da3385bd2c2cb654131c34e5ba0d57e8a89a4520	2055	tri_artifact/reports/binding_drift_tri_glm_v7_full_v1.md
8c68982416ee348b807cb5ca4ff970428e8041493aa5ccbadb0504ff964a4946	4618	tri_artifact/reports/binding_drift_tri_symmetric_smoke_v1.json
933f80518c57af4b7260cf8d0f58e1447b8524bafa19a0f919a350228589be22	2349	tri_artifact/reports/binding_drift_tri_symmetric_smoke_v1.md
a311ffb58e201091ef70ea6030bbf0082df4206f56129e2dd4dab16808c60d06	801	tri_artifact/reports/compiler_analysis_v1.json
5b51ddccd3fdb2beecc061ed6a6f2183ff02c5b830fd0237218f5fcd4b0dfc45	345	tri_artifact/reports/compiler_analysis_v1.md
723f49e27293dcdae6c0b84cb17b8f65916a2edff2e589a7a5d444b6ee08b69c	2606	tri_artifact/reports/compiler_analysis_v2.json
983e0e71ddaebae1489ea6b970cb3e354d94be8b8443c5dc2a607c0757f4f5f4	674	tri_artifact/reports/compiler_analysis_v2.md
8e1582624aa1e396e067207581ce12763fa211a2f59cbc0947c61c77338b473b	5475	tri_artifact/reports/core_results.json
0d07ad20d7dcb7a9045827f9f44f4a0dd6aa21d659e73850a001de2136240058	1978	tri_artifact/reports/core_results.md
dcca01a5fce2926bafddea62d462b85e5f669e6d6c775d831b3fcc5e1c30bdc2	7244	tri_artifact/reports/core_results_with_heldout.json
ad7adc7d3d550270e35c50b59a904196aca4221bebac326fa7dd799ccc9d08bd	2634	tri_artifact/reports/core_results_with_heldout.md
a51348e5c8729d4968b7e592d317943900c3e15dd9b43a3b8d1c5a41d8fdbcaf	18063	tri_artifact/reports/current_claim_provenance.md
3b00f5b46ed63f7e92207c2d30daef2c8ebecea62b31282c3424ac519fe551e5	5837	tri_artifact/reports/deterministic_discourse_rule_v1.json
74fb9363caa1f45ba9bde30081a9ad54a080ad11b12218915b5180b4dff73b3f	1452	tri_artifact/reports/deterministic_discourse_rule_v1.md
0a6bc17b74155c055982b0130a778b29be48bab8ef32a27808ee524d88225685	5661	tri_artifact/reports/deterministic_discourse_rule_v2.json
38a2778d76c6e429cbaf70a2edacd5c0f50d87556ab6bc378e255db32510d38a	1283	tri_artifact/reports/deterministic_discourse_rule_v2.md
09969b76ea73649613a4aaa0df2f931662980522c2519708ae1a23d589a555ff	1510	tri_artifact/reports/event_graph_oracle_v1.json
1ef675c7c6af4e94a5f996ddf3abcd600be81b57c9ad02746a732670ca6bb127	773	tri_artifact/reports/event_graph_oracle_v1.md
03d0887e9c62060a1519273a73eb3a0674c090813cdb26d41389665797338817	1691	tri_artifact/reports/factorized_freeze_protocol.md
c3f6cdf836a11ea5198bc9d5aed1b97406eb2568bacdb999d918253977dc463f	5293	tri_artifact/reports/field_ablation.json
0c9d25c71a51a4c16230001444971cf13ee7a347048605af26aef5f2b62ac52b	1909	tri_artifact/reports/field_ablation.md
9aba37c8cf3c698803496a7b1bad4bdc1296efa07cd69851e005e8eb8c27ccfd	2443	tri_artifact/reports/figures/frozen_heldout_binding_profiles.pdf
6c631c488f337f8d68589c0081bb02a2e0500fce8f2c33ca69f83a0a54b3ee93	23479	tri_artifact/reports/figures/frozen_heldout_binding_profiles.png
e40904d0b82a582656811dc255da7e246a325bcba79faf7fd8a392d2afd6aab4	2753	tri_artifact/reports/figures/tri_v3_mechanism.pdf
7571b1747030577032b6198fcaff0cf6777b568f921d324b01b27cf7324a06aa	3724	tri_artifact/reports/figures/tri_v3_mechanism_factorial.pdf
c54cbe0e8cfc238f204bb5d1e94a7e8f323f7223ce2445286764e4e0f0bd8966	2441	tri_artifact/reports/figures/tri_v3_results.pdf
880489ee79952ba0e144cb4acdef98374db65b75d6d4ee69eca25ef4a44c041e	2588	tri_artifact/reports/figures/tri_v3_results_factorial.pdf
065201310653373bc3586898a2a911572f23c5fc74bdc036f48c50be19a23f39	2005	tri_artifact/reports/figures/v2_glm_binding_bars.pdf
99d1e5d0968e22fc476e100b6e6ec4a5ad37f7e7d0caf077ab1089ab3f3c3be9	21753	tri_artifact/reports/figures/v2_glm_binding_bars.png
a38dcece6b8c4ec8a1062819af9073fa44af8fb6590321de9f04b979b6541fd6	1907	tri_artifact/reports/figures/v2_overall_bars.pdf
3ecea24bbbccf0cdc1e6e33a57e09363114ef530288427ee48d235c01623da1b	2576	tri_artifact/reports/figures/v2_representation_heatmap.pdf
16d16584421964c3c7fe87aedd4194f094ffe540249a2ccea890c1a43cf0568f	40656	tri_artifact/reports/figures/v2_representation_heatmap.png
c505568f6fcb2ec9c565c478e9a860ffe1c94a647328d87b33230c9be3e46217	7209	tri_artifact/reports/frozen_heldout_cross_model_audit.json
0bab1f00b7512b30a74b9b7c700a19d801384bdcd62a706ec2bdf8a3c7c0162b	2056	tri_artifact/reports/frozen_heldout_cross_model_audit.md
d1df9c4b9a66fdd1a2f5e51294460915f628a6c9e46083b8205972a49adbb3c2	95710	tri_artifact/reports/frozen_heldout_cross_model_factor.json
8560661a93ee767d84d1cc4b91e273b7cccedeadf9183cb715036a8a99b74290	8398	tri_artifact/reports/frozen_heldout_cross_model_factor.md
077bd00ea03daad45e53533afe017817c9d55acacc31567348d758a5c4a5c1dd	5523	tri_artifact/reports/frozen_heldout_cross_model_pairwise.json
55c81ded028582db32a0d16d428c318adf8ed66ccec8274f40e8acb6d0dca544	1290	tri_artifact/reports/frozen_heldout_cross_model_pairwise.md
d6e5d785449707759b56833521c7b72dbb89725509f0c302350ecf2d4a5af7ec	85726	tri_artifact/reports/frozen_heldout_cross_model_report.json
76e1c4bbbe69c0dddc98830572398c96edf6473b7b1a35165b820db44412f97e	3889	tri_artifact/reports/frozen_heldout_cross_model_report.md
5a7f3339c4ebbe4b2294375255fbf7f4c73c0c2cd3fb910ef3cf75d52ee9aaed	23215	tri_artifact/reports/frozen_heldout_cross_model_stage.json
64ca4959c37c48d0021acad45f5cff54c70e2314f93439dbe0bc0455bc59845b	5164	tri_artifact/reports/frozen_heldout_cross_model_stage.md
8cce05188da2d6aab902a75a013d309694a46e10c07dd22de7a33f2b8a2e5a79	3333	tri_artifact/reports/frozen_heldout_result_provenance.md
dfc1a6824198f8546257aaf1ea178433dee387335b3d957e5624f21905033551	1166	tri_artifact/reports/frozen_heldout_sqlite_replay.md
15e17c29af72e11ce1720a4882859ab2945b14bc9499846a57887573a960dee7	40376	tri_artifact/reports/human_rewrite_model_results.json
abece70858e10061f1926e3b7b714da75af8143de98a61dc3c344c10e71bed03	28459	tri_artifact/reports/human_rewrite_model_results.md
347bb378453b60efa4f4968a8f50461736204fb95ef8aaef71ec98f8ccff6c5a	29761	tri_artifact/reports/lifecycle_ablation.json
f2c24a75e8cb14d341d508a6250ddda32347ea2c8cb67e246dec08d859765d16	4425	tri_artifact/reports/lifecycle_ablation.md
21a5d3d532d31b8fbb3f34694f2530cbd2a7e1c79ffb4fc8733e4643347cf589	43	tri_artifact/reports/lifecycle_dummy.json
05814869aadb9072a52ed63a1b557b6964383f9293a842c5b1e9a92f4605d968	226	tri_artifact/reports/lifecycle_dummy.md
6dcbf322abfe27cd618a77def8278f4ba3b1e81519bb15bf3e93ef4a86cdb267	21643	tri_artifact/reports/lifecycle_model_results_v1.json
c643b11a682e8617e2ad859b292daf8a2a5751d52d6ca6bb4cdc060f1cb32cd5	7834	tri_artifact/reports/lifecycle_model_results_v1.md
34c4fd4ca4515dd44060da4824d91a8003d2d3c35ed12db216ea7802916ca4cb	43059	tri_artifact/reports/lifecycle_model_results_v2.json
cfecf3cf910fe48a33aa8f9e04575b4e6b0cd04551691b2ffbd5900674315e71	15750	tri_artifact/reports/lifecycle_model_results_v2.md
b1cd7b2745052c3ec94c129a23005a504c50ffb4c51e900c385fd71b9b2f0db0	1424	tri_artifact/reports/lossy_summary_case_study.md
9f9f68291f5c3004af44727d65357eb1d03b785fb634ac5f394ab27e2dc58263	4220	tri_artifact/reports/method_upgrade_closed_loop_new_methods_v1.json
598d0d8457af651187dc43d5d9b8ad54ad96589dea340f8f58023d691b023019	797	tri_artifact/reports/method_upgrade_closed_loop_new_methods_v1.md
65033dc9149dbc9cf57f8233094fe67056afeee8b8dca6ab027e636f6f2300da	13965	tri_artifact/reports/method_upgrade_closed_loop_v1.json
487db14773a6dd91de3a3a6d1ddd18045bf699ce3bc3c8b82c6378e8caa670d9	3494	tri_artifact/reports/method_upgrade_closed_loop_v1.md
adcbe84cec730e099a30739a4e781752304231249ffa4125a4eee15bf2af00d2	6022	tri_artifact/reports/method_upgrade_preflight_v1.json
bb9d2674d4d673df95614c496455e9a61f8ec300c8c42e6f22fdd8d7307d2d53	914	tri_artifact/reports/method_upgrade_preflight_v1.md
7bfb890e9b4523224b2af59474c113b31000ab5c5d89146133baab1739a70679	2479	tri_artifact/reports/official_tau3_native_tri_audit.json
a95272f5767c493b865e8641e2fdc0f9e6a7ee5cd7b4bc07d31549b0abb0135b	2254	tri_artifact/reports/official_tau3_native_tri_audit.md
88341c0e95766020d4acbee0c25728f44233f76e609acaaebb32d75c320cd92b	233412	tri_artifact/reports/official_toolsandbox_tri_prevalence_audit.json
2e7aeba9ff0bdb2da1898291a4f1384aa4d41414d40b08975e0248e1ee344f98	4467	tri_artifact/reports/official_toolsandbox_tri_prevalence_audit.md
314059fbc67626dddd48b3c908187c74be30b8e6e5eade1dd627473ce33d0fa9	12700	tri_artifact/reports/paper_main_results.json
dfcf658acb105c38bc70cb57d8598aff276dd5774b1b5c223433efb29deaec3d	4263	tri_artifact/reports/paper_main_results.md
e9c1c52c53b72731fa900b77ac60382cd279ff6e9350d00aedd4053dfb0efacb	8751	tri_artifact/reports/paper_main_results_clean.json
ad0b6b17440d751aac25e45a92e3a00f92fdbaafa363958f7a28d522fa8d6c5c	3039	tri_artifact/reports/paper_main_results_clean.md
d2c1e3b41819aa8f68e502a1469ad2ac44231aeed42852304815da53941d8eb7	12839	tri_artifact/reports/paper_main_results_v2.json
3d8a6bd0c9acd6a51ebdb589f602e2f2be329c5a137209a8bfd7bc99162a3d82	4431	tri_artifact/reports/paper_main_results_v2.md
eaf0eb5e822e33f4ea682560e85b2677cdf10968999d7588552a65091b71783c	13841	tri_artifact/reports/paper_main_results_v3.json
ca8f905caf887d9bf00fe6f500f55d0bcb05bd1981fb5bdaecc6cdb2aa528e31	4759	tri_artifact/reports/paper_main_results_v3.md
f030030c68dd480be897abe6c9f622d7212213d2e3abf44c1df01ad23fd4b31e	15558	tri_artifact/reports/paper_main_results_v4.json
d77aa697729d7621b1b725dec9cd4dc81f98c159a5c1f75783796bdc9ee5f425	5314	tri_artifact/reports/paper_main_results_v4.md
ccde90c39ee67ca00ce3400c02f52a513f371070de0666a5ae0d050914858a30	18183	tri_artifact/reports/paper_main_results_v5.json
1e2252a8a88b7be66e7ae1236c23d5259fe5ab9a67248dfd210360a7e122fd53	6193	tri_artifact/reports/paper_main_results_v5.md
66fa585048f32e9d657aee5933dac267c3df9a1ad14b0ff245394ed514b97963	24499	tri_artifact/reports/paper_main_results_v6.json
f384693d4371df3fd798ac6296cb5c75df5ef45cc274fb68e924dfae1d0ac560	8297	tri_artifact/reports/paper_main_results_v6.md
13e5e427cd7161e9754f543e3dccba237bd57090c634d2102e130cb092f72a46	2339	tri_artifact/reports/paper_table_gono_draft.md
25da7b09f84d68955ba1ec461a2b2322281f3d302d61a16aea8f035336bdc565	1836	tri_artifact/reports/parallel_api_plan_v2.md
d4300f89c7973e1762f9fd4507086e929f25e24a99c6e2744b837e2cddb70b5d	2533	tri_artifact/reports/policy_extreme_controls.json
0bc25cde4ceee2a4df80099abe5dc395b41cb914dbc2fb7afa9d9a470229f8fa	617	tri_artifact/reports/policy_extreme_controls.md
e311a907b07b8354ea3e67bfaa19701c57bca4f91e090c9fa14db80690310add	7254	tri_artifact/reports/public_dataset_audit.md
cf05a51e2aef70bbe82820f33a443e77a0efcb165d450aeba47356c9f1eb40cf	841	tri_artifact/reports/qwen122_factorized_full_audit.json
eb1a03cd62718863a0e205f87249097b181c2097c58b10d9d3ff467d2e3f26d2	368	tri_artifact/reports/qwen122_factorized_full_audit.md
62a14602de97270b99215f10d50fdaf8f835b37f96b6a414ef303556e40656cd	57941	tri_artifact/reports/qwen122_v2_gono_factorized_factor.json
902eb9944a432333a94406119848d58364e03de2daf08bf79c1767f4c4a3cd8f	5192	tri_artifact/reports/qwen122_v2_gono_factorized_factor.md
ad797e79c22403d632855072f42cfc80675b2419d03720ba5a72f91d18132b53	3484	tri_artifact/reports/qwen122_v2_gono_factorized_pairwise.json
0553415fe4a03f81050fe0a40bb55caed4cae4eb82569db0663712febe16c969	902	tri_artifact/reports/qwen122_v2_gono_factorized_pairwise.md
ab33f9c56f99e6e1fff73914caa297e1969238a02b8898b01ae13a93e328f10b	52083	tri_artifact/reports/qwen122_v2_gono_factorized_report.json
9b3d7b5fdd551d17544bb230bfc33a3ddeb2235f4222b2c6855c2f6050725f70	2556	tri_artifact/reports/qwen122_v2_gono_factorized_report.md
acc1eadd2888ab6eb9e318d930e57785fdf1bb4445c388df128a1530eaadbcf9	3613	tri_artifact/reports/qwen122_v2_gono_full_audit.json
cc11ba0f5c44effbbf86979292d8b2c6d3e2b48075e73d70051ca9a47f8d24cf	1068	tri_artifact/reports/qwen122_v2_gono_full_audit.md
edbf0ef4e61301f8b9302d3abdd9e9026514fbc85840c2b3dbbe1640d8fc004d	47994	tri_artifact/reports/qwen122_v2_gono_full_factor.json
f468a39a3429c85247039cd82d5535cea50efd714236eb777a2769e7b77f2613	4250	tri_artifact/reports/qwen122_v2_gono_full_factor.md
58067de7c0195c3991bc7b80f711e3016805b5e01af5fc644bf1b12da6d5ed5c	2677	tri_artifact/reports/qwen122_v2_gono_full_pairwise.json
a82de6bd9f5c20866a03e2cf9d6da464aca6ae51fada527d0749e21aeaf8c737	727	tri_artifact/reports/qwen122_v2_gono_full_pairwise.md
40d12f07064a73942ee99b54d6a49e0ec03c2e01473d195a1c07043a2dc5692f	43441	tri_artifact/reports/qwen122_v2_gono_full_report.json
152c4d53e13248ba8e1aec5bde12ad22731327102af8777f49f1f94283df8737	2215	tri_artifact/reports/qwen122_v2_gono_full_report.md
2cdcd58f08ae686c0c39c9d9d54183a18f09a76f02687d0eb96e0604a774894a	3669	tri_artifact/reports/qwen122_v2_heldout_frozen_audit.json
256c2cc58314fe494dbaf202b321ef70b14d1cb4d2526f04654e61bdb0e2e02e	1115	tri_artifact/reports/qwen122_v2_heldout_frozen_audit.md
b773b8776cf5f163fbc93d1df84c820e15e45f4c5a353e8b6d49c7b41f89c06a	48000	tri_artifact/reports/qwen122_v2_heldout_frozen_factor.json
d044c4e1bfd7818a5bd6b014aba125c8c19983d7c67713de32ce8c664fbf00dc	4379	tri_artifact/reports/qwen122_v2_heldout_frozen_factor.md
361cc879174549786fd20e2b8ec3dde3dd693a37fbb222a6ae232dd7df68fb2f	2780	tri_artifact/reports/qwen122_v2_heldout_frozen_pairwise.json
ec53d82610b317ef846abe8c49832176a8470995fc6475e19170b971f74c9d3b	770	tri_artifact/reports/qwen122_v2_heldout_frozen_pairwise.md
f8b7517435c5b16610aedeab2ab9b19c21a0635752c9bab7f766300eb7816340	43205	tri_artifact/reports/qwen122_v2_heldout_frozen_report.json
fecbe891dc3d548a5d20083ab8e3d3e4cff59888d4080fb451097530d347d8b4	2209	tri_artifact/reports/qwen122_v2_heldout_frozen_report.md
b6223a973c976369194ba050ce96211e78c482146d86101596ec8018b0dd446c	27157	tri_artifact/reports/qwen122_v2_stage_report.json
b49d4fbf541fcc45dd78af407c390ffef64bd5f370a5b242ff36e626c498bb20	6237	tri_artifact/reports/qwen122_v2_stage_report.md
f8f34a015d0cd42c1f60053e3f0aacfdac4a78f1cc4f50bb3495bc428d78325f	1709	tri_artifact/reports/reference_mode_ablation_glm.json
c02bd6aef14944fc629af61a82c7af4a5f553b6bfa1ebca9a01bf7ffda9b04ab	728	tri_artifact/reports/reference_mode_ablation_glm.md
dd5c288f5fbce86e81ecb93b031aed98e1807ed11e6fd8b7d3bc7ed61fb50e86	1715	tri_artifact/reports/reference_mode_ablation_qwen.json
5a18c7046d61643b56875cfb0ad575ef7d94a89ad399bfa81a7400a312af3174	730	tri_artifact/reports/reference_mode_ablation_qwen.md
aa1a54c1a5490e88df7de4f29eb930bc48a55ea250d28253cc1af0c45482acb4	5863	tri_artifact/reports/result_provenance.md
75795ed102b423c3dfe820e84a72326c44e327e2e7435aac8fdc42258f3ed6c2	4135	tri_artifact/reports/tool_controller_results_v1.json
acf7ca3e6d7a617739fca5d45fabf4eec6246ef94a396f25b6dc610b0393e4bf	1558	tri_artifact/reports/tool_controller_results_v1.md
cd56ba98dd8bd33406635b0fe3d1636e63fec9c819a5bb2266112f415b8173f5	6292	tri_artifact/reports/tool_controller_results_v2.json
c428eed57bb5ed3d303f4407713b4d4f62f7a00d5a31d4f213ab2d51d0835063	2235	tri_artifact/reports/tool_controller_results_v2.md
9628cdd5fd358133c8c8cfa14516c45d2ea306093631458bc066af22600c9bfb	3121	tri_artifact/reports/toolsandbox_single_turn_glm_full_history_full_v1.json
815439de040753af8a29beaf4a14b9b33a37ed16ce296db3eda3e5537e70c808	1038	tri_artifact/reports/toolsandbox_single_turn_glm_full_history_full_v1.md
8c6753cd153bbcaf6445cef8a6188fc1d78b1419ab71a24073b1ca410915f081	1763	tri_artifact/reports/toolsandbox_single_turn_glm_full_v1_interpretation.md
2a40813b40577598e92fa2cdee3f265938548632135e3c42841e2df2616c1d21	3211	tri_artifact/reports/toolsandbox_single_turn_matched_generic_glm_full_v1.json
2f4e20c12eb52d601ccfa0769884f0897a89b5c17d72fd09fe6fc4b3961a632b	1110	tri_artifact/reports/toolsandbox_single_turn_matched_generic_glm_full_v1.md
24cc163b3543facaf5546a1680965e387262c61a64e65f7ebeda1bbe775f1c31	3226	tri_artifact/reports/toolsandbox_single_turn_matched_generic_qwen_full_v1.json
68576163b165eb5ebe9214a24ac32fd385f08771a7d1c40b77a7122f77c31405	1122	tri_artifact/reports/toolsandbox_single_turn_matched_generic_qwen_full_v1.md
edf1a0c51712b7e0bfa0ac0f8d888831962fa430891be1e44cc1505c5acbb18f	761	tri_artifact/reports/toolsandbox_single_turn_network_blocked_audit.md
0d407babf262bd74fc21224a93f2b3c0b77a0e9afa0ba0fc2ff202d4a5d90a1a	3136	tri_artifact/reports/toolsandbox_single_turn_qwen_full_history_full_v1.json
b12adf2d7eaca752eb2e6c739640d1d1d8eb37a288448f67b72349d50cabd3e5	1050	tri_artifact/reports/toolsandbox_single_turn_qwen_full_history_full_v1.md
6fbc95a03045512f452c1680cd0a45f115f6d4843ff93b6ee6a880d010b101a9	1621	tri_artifact/reports/toolsandbox_single_turn_qwen_full_v1_interpretation.md
2a5a12ed899b526fa5f64c32fc1225506127f4499f7f568f2992102c8d4f489c	1004	tri_artifact/reports/toolsandbox_single_turn_qwen_generic_health_v1_audit.md
9d3a09c4ef22094d368d6a06caf9cfce6858a7fce1d52fca6068d5eed2a01ff7	3186	tri_artifact/reports/toolsandbox_single_turn_qwen_generic_state_observed_full_v1.json
2e2f0dcdee64ed110387a0d431d1fa8da5a20361e83befc2b478ff2724f11b5c	1090	tri_artifact/reports/toolsandbox_single_turn_qwen_generic_state_observed_full_v1.md
47ce97a1e03491098d89dad00297907ab08fbf104059b515b862c9ba5e4a33e6	2518	tri_artifact/reports/toolsandbox_single_turn_qwen_health_v1.json
d1d3e115e61e3c8a7b75a162c932c4c7c0346293a9266920c0792329fef9e9da	1060	tri_artifact/reports/toolsandbox_single_turn_qwen_health_v1.md
535bbaa505471a3103d35eef62eedbcea1227497e01c4546dab781ad8b304d58	1722	tri_artifact/reports/toolsandbox_single_turn_qwen_health_v1_decision.md
7466cdca6874f87ea2ecf40247097ace5ba1644fc947aafc96fff18791805708	1274	tri_artifact/reports/toolsandbox_single_turn_qwen_matched_generic_v1_interpretation.md
693db818021c258d12cbbbde8aa614295777ab0e4187f9ca7cd4971c04a71217	8382	tri_artifact/reports/toolsandbox_tri_matched_qwen_heldout_v1.json
c60be696d173b069578863314e577d5d56c67654cb9f39710043f9b66b343d8a	723	tri_artifact/reports/toolsandbox_tri_matched_qwen_heldout_v1.md
25c84bebdbfa51e80ae6da4addfabc08852961de9c381e712cd831e450aea26c	23838	tri_artifact/reports/toolsandbox_tri_matched_two_model_v1.json
faf6ba4aced84c2f059553eecf7394a830c83a62309c2ba4176663e8a3429f73	1859	tri_artifact/reports/toolsandbox_tri_matched_two_model_v1.md
03e17179c7d337ae7c1e590d92d05ce1612a95ce35a9a72aaada1afa13b255e7	4021	tri_artifact/reports/toolsandbox_tri_pilot_conditional_audit_v1.json
8353e13e99d1aa0f4dc375f88115b0c937470f1d49d5218fd20b03a66cb6beb8	1764	tri_artifact/reports/toolsandbox_tri_pilot_conditional_audit_v1.md
68f5431d07ae395d4df262571fd39b648850db95f9ce28ebf3e60b06737d69b7	8631	tri_artifact/reports/toolsandbox_tri_qwen_frozen_v1.json
03a950e4e3566362c1c7c56d7bfe6f1a3618c18ba481e18f22735a59e954041d	896	tri_artifact/reports/toolsandbox_tri_qwen_frozen_v1.md
301a8bf599c30f1a28e2e977691fe9536f54c91f7ba52ddf75e4db7e1190763b	74712	tri_artifact/reports/v2_ablation.json
c07f808b1756f61e588c103c9749bb358471a25f604520b21bff265a1a49712d	3458	tri_artifact/reports/v2_ablation.md
3cdaa6d2b56960c64c43ef87af1a75ad58236a01e82f0ef55b66ffb363d588fe	2388	tri_artifact/reports/v2_baseline_integrity_update.md
0d1f4ca89a2fe77de13f98881b560991f829f0037a5a7d665e57f4fb0d02184c	56461	tri_artifact/reports/v2_factor_report_baseline.json
a982463f0eaffe67379622a1b0f51db07a429c0168a52fc2d5be09883d45a45b	4889	tri_artifact/reports/v2_factor_report_baseline.md
bfdceb149965b2a813ec5f2c5fb0a80e9ecd0ef94299f631d1fb3136f4bca2c3	28475	tri_artifact/reports/v2_factor_report_partial.json
855a9f48c5c1aa40b4fa1fcdddbb75b0b174e0edb7a31ab1a7361b320d14d3af	2672	tri_artifact/reports/v2_factor_report_partial.md
84a83b97f7b0f5d53e700b240c38f785fc83377857a0363236a957de3fb4f26c	3518	tri_artifact/reports/v2_gono_completed_plus_schema_factor.md
5629a3d825d30e57912ad892f6f949235a72a152b528c7f44e33cb0b022fb748	612	tri_artifact/reports/v2_gono_completed_plus_schema_pairwise.md
cf6215e4b4dbcf942aa2813b91676b8856a27d02687d63d6e2c0087bbf7dadee	1697	tri_artifact/reports/v2_gono_completed_plus_schema_report.md
efd64518da2b1a4f582b072d64b7f5f027d9e9d0a7cd04daf59149861ee79cf0	4260	tri_artifact/reports/v2_gono_final_clean_factor.md
095e8b99fad31b9c643aa03bc03a8a4e6190bd7edf6d88ff24bf3c9b80b42666	5502	tri_artifact/reports/v2_gono_final_clean_interpretation.md
99e6c3434377c305c776731c739ae3da14f08b36374fc3f76ca0fce7a6f52bd4	726	tri_artifact/reports/v2_gono_final_clean_pairwise.md
13524469550dd33da259d2d1a6fac49f4cd52871f86ae41d212b2af1c3023d1c	1964	tri_artifact/reports/v2_gono_final_clean_report.md
713d8be752392e05cc5ab122c56001354216df6be7f61fb8a732c2b8b7c9e422	4642	tri_artifact/reports/v2_gono_interim_interpretation.md
41e723edccc8a2939c14113adcc415cf4f6590e6945bb8a5755453c9ca612dd8	2061	tri_artifact/reports/v2_live_results_note.md
bb41067e31b91e67f2fe0287ae27d882ec4b08f2c50fb49ca31451739565c82a	50177	tri_artifact/reports/v2_model_report_baseline.json
cc88f98d1f49ae5aa030adde00438b7a0b04f7b42e6839c6a57471ff9af5bf7e	2279	tri_artifact/reports/v2_model_report_baseline.md
28e3e0e1c8b39cc20288d3c81ba497947a2d52332da4c98efac1bffaaec49c37	22261	tri_artifact/reports/v2_model_report_partial.json
ec54bc913c8c7aff28950191b8b2df5fa8ae7e66cac8dd9b0dbf2c533fd51d86	1616	tri_artifact/reports/v2_model_report_partial.md
a3b981bb8c06b6ab37eaf38c23e6dda16fd9e7806b100eb465f4af795eb2b830	1523	tri_artifact/reports/v2_pairwise_report_baseline.json
182afb22cacbdde68e01f539f232d8cebad7ed4dd0c36a72eaf57807e444162d	479	tri_artifact/reports/v2_pairwise_report_baseline.md
bc3d90516c65e1602905f62b019e6a01136f6b690fe79ddd6127dbfe071b7e8c	4892	tri_artifact/reports/v2_run_audit_baseline.json
ee945ec61de5866abe891500665d36f854a8c5a6cd8bf2acc32b32b1ce944e99	1202	tri_artifact/reports/v2_run_audit_baseline.md
adde3ed7135ce0e1ca03f4027f89891bd3a3f2bd4828bf3e9f6fef4b5e3f262f	3485	tri_artifact/reports/v2_run_audit_partial.json
c5294f1e9728ed19ca9343d54f29876049346f27730521b4343b16b28d5855dc	1225	tri_artifact/reports/v2_run_audit_partial.md
4adb8995af26116e0bb60bdd4a8e81597c41957be1c0a3c34af1e424afc89a25	9937	tri_artifact/reports/v2_tool_ablation.json
f3aae014b883d485a0dad0e86fc9595d9571bd2ae919a3504b728bed39ef4262	2998	tri_artifact/reports/v2_tool_ablation.md
a6ca8786cc7e9418dc853a1580eced0c9c994af200cd4336bf18fc824a56c9af	3494	tri_artifact/reports/v2_upgrade_summary.md
29185011e68f2d5607e00cc04b7f940e9d1c31b2b34277e452b4a82a51f932dc	3347	tri_artifact/reports/v3_cluster_sample_sufficiency_v1.json
a2bc3af2e74a72d5b104be92fa8595ba6413841921275138a34a1a7b85758853	1401	tri_artifact/reports/v3_cluster_sample_sufficiency_v1.md
572e002ca5bc19c6dc7554059d06f73ef38177740164b0a83acf2604832977c7	38728	tri_artifact/reports/v3_exact_predecessor_two_model.json
feb9c4177db11a3a05406bed7706a0138bb1a83aa4ce3d6356aeb511d0a511fd	6495	tri_artifact/reports/v3_exact_predecessor_two_model.md
1eb63c0ddcfd013618e3219c732cb723661389beaa657ad1ecd180c5e649a865	3364	tri_artifact/reports/v3_factorial_glm_primary_cluster.json
a0569f37dad5040af65cb3e2c367162f61f22344f954355efb1bc0f6201c0f2e	1123	tri_artifact/reports/v3_factorial_glm_primary_cluster.md
06eb1809871b8564906aae0d794ec7c053081f468bafd5d242e299f55f7da887	3394	tri_artifact/reports/v3_factorial_qwen_primary_cluster.json
166c59fdc4300902fa04c0982419ca5e931b31fe900b4c6289563188b43edfd3	1119	tri_artifact/reports/v3_factorial_qwen_primary_cluster.md
d957dc3df5623d5101b41505c85a5e560212a3ce0d93bd45d6fe9832b864da69	2309	tri_artifact/reports/v3_factorial_qwen_sqlite_report.json
59ecb5bef0cb094fa77207466fc95badef85a1f1df23743e3f331b43b92058b1	743	tri_artifact/reports/v3_factorial_qwen_sqlite_report.md
83a0970523f9543636b538e14ff722aba56e13a3d3f1bc362f822f3a2d8ba335	3348	tri_artifact/reports/v3_factorial_qwen_unseen_cluster.json
a66ae17c4f7b47a791fdc0b325f289ad3d76afb88e3892e755109e7f1c342243	1114	tri_artifact/reports/v3_factorial_qwen_unseen_cluster.md
34ba2391abeb4b2dbf5e938a0cd4cc12948f5c30a632c45419f60be715d3396d	2974	tri_artifact/reports/v3_generic_tri_corrected_audit.json
eb2b1661f0d330f1bae4627709fbabac11bb95a4cb3700f1c27e84e2515baad5	1440	tri_artifact/reports/v3_generic_tri_corrected_audit.md
40bddc9a56aaf408d2d623d54009992ef5f340dbc497757b3c9527248f6758b9	1620	tri_artifact/reports/v3_glm_language_audit.json
5520ffd515488cfbdae44e6f8e208e5088c2fb01a1583f66ca7facd2719a1292	573	tri_artifact/reports/v3_glm_language_audit.md
200c888f4390045afc9e7744a8e7e64bfa77b558d8a21feae9692e165f7edbaf	1597	tri_artifact/reports/v3_glm_language_cluster.json
dec9613d6dd8bc18c675bdb95781e7f34424669736ad7aaa32a06dd81f4a2a09	680	tri_artifact/reports/v3_glm_language_cluster.md
83ea0d6f0e74ceae16737d9f4ae1d02fb6b29b78f66d6aa629f63aaddb90098d	1414	tri_artifact/reports/v3_glm_language_cost.json
0202a5af2fb14c31a33b0933a6a3f69e9b06880743f0edbbad1115d5c5a6a7d9	764	tri_artifact/reports/v3_glm_language_cost.md
a6a31eb9020c786192f865912c93b3abdaa16efe67427bef730636e6873848db	20213	tri_artifact/reports/v3_glm_language_factor.json
f664ed0acc1f846ac0176ed675452d2a6fa9495dd181c88f13ffa3d328419dff	2251	tri_artifact/reports/v3_glm_language_factor.md
bbe01bd3f18177deaf52a998be8d0b350c8544b0301cd61adac6c4b730f4e384	723	tri_artifact/reports/v3_glm_language_pairwise.json
33a4da995387a49455dbdba990a4e969d22013fd9cf9855f8e7a647155effe2d	399	tri_artifact/reports/v3_glm_language_pairwise.md
23d854915917fca359374e0d1ff30e74f162f8fd53c58c28d048e0e2563ac5bf	17648	tri_artifact/reports/v3_glm_language_report.json
8a713e6cb64b502a76a7382f32b2da027d6d1a0a314f595e0191d43ff13d48c5	1140	tri_artifact/reports/v3_glm_language_report.md
fa9e12d2b7e9f9da95110946806b0dad12a40cc0dd416f1aea4403a448295ee2	1878	tri_artifact/reports/v3_glm_language_sqlite_replay.json
e6bf4feb1b6b346467c149c70076dc2df6bb4a1088d08b7bdfa85f46bef7973b	466	tri_artifact/reports/v3_glm_language_sqlite_replay.md
69fbd8e43224fe41be306889a35186e9a1a277de6c7ef11bb8636951e16ec473	3309	tri_artifact/reports/v3_glm_language_stage.json
5393c7827307bebe39615fa175fa6e4501f9c6e769c26382c009766bcd404896	777	tri_artifact/reports/v3_glm_language_stage.md
6540f860981022704b5985db42831bb042529060423abf6c61990e251d7295c1	978	tri_artifact/reports/v3_oracle_glm_primary.json
cf82fc4d1889100eccd2a7b689ccc136c81f07209aac02a9d3443d79d4d15a7d	553	tri_artifact/reports/v3_oracle_glm_primary.md
457ba99829f6883bb564108c1c26410fe86ed49c289950a55efa0f19de333c27	998	tri_artifact/reports/v3_oracle_qwen_primary.json
d7d253c30a9064b8ea20b0a5a88366adc4da0454855b41aff7dcd2f680ce42db	549	tri_artifact/reports/v3_oracle_qwen_primary.md
d35882bdd22ece5605220a926b936d0b5ae7eda8d1e5ef5025b35688949a30b6	979	tri_artifact/reports/v3_oracle_qwen_unseen.json
092c5852f16a1ba85caf6943e9192fed911d71747f13f49be81e79d3b6c9b785	547	tri_artifact/reports/v3_oracle_qwen_unseen.md
f61349689226fd848b84613befdca8a29c2b0c5fb4f780728fc892c38432f922	6478	tri_artifact/reports/v3_prefrefresh_untyped_primary_report.json
804aa1dbf5640adbb7670682832a5d812e6b419ea87f29db938b7618c0e0e0ef	2475	tri_artifact/reports/v3_prefrefresh_untyped_primary_report.md
e5eca42440677c3e98b50895a8a826b4356f9a320018ca7dd08213f42b519c87	4073	tri_artifact/reports/v3_primary_free_actor_representation_contrasts.json
6cebce1456477a8d0e3057abde5980693df1fff7f88a67caa3a437531d093e1d	1711	tri_artifact/reports/v3_primary_free_actor_representation_contrasts.md
ecb91dd145cacddfa07427c909a839d48d21d062f5a81e613315484748dc0a12	5092	tri_artifact/reports/v3_qwen_alternative_baselines_report.json
c9262cb4a271c30718ce5711ae7d9906d2b341248eb05c9c9385471fec35c2c6	2008	tri_artifact/reports/v3_qwen_alternative_baselines_report.md
e23cdee71cddb49a88ca47f84e3aba684b8edef5c429926c6c373bf088201acb	1636	tri_artifact/reports/v3_qwen_language_audit.json
6d1e7f7ddfa05aec4f8205dd5dd285bd79128bcf7934b722844e86f48c68f181	585	tri_artifact/reports/v3_qwen_language_audit.md
e70730e47f6ed63fc8156f9a7916085e1a5d703fe48c3f2ad20a7a017cb3d28e	1612	tri_artifact/reports/v3_qwen_language_cluster.json
5570c6b86fdb5c02799aba179f9ebad341ecd51422d384439d9eeb30ace6d7eb	677	tri_artifact/reports/v3_qwen_language_cluster.md
06d5e5cc49126b88311052659eefaacc09c276756e5c06ff1eeb6a16f331399f	1419	tri_artifact/reports/v3_qwen_language_cost.json
a345636bcd595968086c428dae5603efae50d2a71f2624553bcd3c770cf06016	764	tri_artifact/reports/v3_qwen_language_cost.md
b48cfb9ba174226a4089f0819ead8bae561ccc4ad218873e5088a43467997e7d	20258	tri_artifact/reports/v3_qwen_language_factor.json
4ed1dd852c8dda4a4ccf0fc36ba67b2cc2ff847d436fcc55879275dbca9d2f89	2246	tri_artifact/reports/v3_qwen_language_factor.md
823efe66ff56b4941b06da458638aaa26fb91fb9f311323b775d299da26104b6	744	tri_artifact/reports/v3_qwen_language_pairwise.json
6dec76fe5b1e54c87ee5a242b18c2cbf59147a19bc031a45f34fa0c313260f6c	398	tri_artifact/reports/v3_qwen_language_pairwise.md
76f91504d10c70cbdb00a6594c881f6f8d704794b64a69b9f6f45fe574303df7	17951	tri_artifact/reports/v3_qwen_language_report.json
0dc944011012ec16d80d77d3083624a084888a2df01ec051dfd50f4a339cddec	1214	tri_artifact/reports/v3_qwen_language_report.md
fafa29b5a63f68ae85d239ccacfdeac44d5e25db22f0172e2cee30e23fb228f3	1902	tri_artifact/reports/v3_qwen_language_sqlite_replay.json
786ff19ed1ba56782cf626b45936aea3177e91c81217f541a2c38da432cfbf80	463	tri_artifact/reports/v3_qwen_language_sqlite_replay.md
e25a1ce3e9b6fc91d4360e074b7c7c62df00edbd4c7733b044b222599e9ce0cc	41990	tri_artifact/reports/v3_qwen_language_stage.json
3a71e0521d73b34d5bdc7a2b58477069d1880c6042493cc642925ae0f684f8b4	11274	tri_artifact/reports/v3_qwen_language_stage.md
65558791c0d3f72947be80005f1b8ed5b09f1aeded2ec8387a12477c034caca4	1521	tri_artifact/reports/v3_qwen_sqlite_trajectory_audit.json
0e330db17568f2bfc83cf7313a76a57704ba9c47cff2e75aa70bd66c17ae33a0	479	tri_artifact/reports/v3_qwen_sqlite_trajectory_audit.md
c62e1c14136172769a5292e83dded87a9b8bb56109a483a0a39f2172baf83990	1386	tri_artifact/reports/v3_qwen_sqlite_trajectory_cluster.json
66a037773041b3b49d647a1fe8e3332d8882b9ab91f4962ab6ab9703ecf8bf1c	649	tri_artifact/reports/v3_qwen_sqlite_trajectory_cluster.md
ddec4a3b305c4262e63da0e9a8b6f939ca5ae02b0c569ae1988031fa1b720306	1405	tri_artifact/reports/v3_qwen_sqlite_trajectory_cost.json
f67eb568cc29c0d7e5a8582f70304c5e8c926485207c7ecbe7dc51e05bb8fda9	733	tri_artifact/reports/v3_qwen_sqlite_trajectory_cost.md
e15cb221f429fd5b0a6d538999dd8fcf606e5381fd7c416cd1e518674383d05c	16935	tri_artifact/reports/v3_qwen_sqlite_trajectory_model.json
bbc2390c9a5311df0db7993ab686b8d05cebd37ab6445ee6959717ddded917bb	1010	tri_artifact/reports/v3_qwen_sqlite_trajectory_model.md
3bd14bc1000ecccc69d273d189f37ed46c978f955d01a605b78b9472d46da9cf	630	tri_artifact/reports/v3_qwen_sqlite_trajectory_pairwise.json
763cd88c805d30914e2758601511600e71ec5407129ce6da0bf54432146b9322	384	tri_artifact/reports/v3_qwen_sqlite_trajectory_pairwise.md
6952ee246c7223c4c6ce4f3cd7922068104c933998fa634fde6bd309e9d9db66	1173	tri_artifact/reports/v3_qwen_sqlite_trajectory_report.json
5940dadb339d159df9ffa5c5f05f0a5f7a4db27deba939ac6ea9835e8fa13a4b	513	tri_artifact/reports/v3_qwen_sqlite_trajectory_report.md
0757c5c68125e97f595e397127ef389ba01468baf1c154080456a3c91fcb4ad7	1637	tri_artifact/reports/v3_qwen_unseen_audit.json
7297f0620568574ee44b19e85bc0753b4c5617e056eaee27ac5119d6f111e3b7	573	tri_artifact/reports/v3_qwen_unseen_audit.md
a26e8115edc10344c73d33065165be4a25d0840c78522076e8a6e2b970fb30c5	1592	tri_artifact/reports/v3_qwen_unseen_cluster.json
2f7976ce54a115ea4440326289ff5c8f0b9e3ed7dd5c6c648bea1cbf1c67dc35	673	tri_artifact/reports/v3_qwen_unseen_cluster.md
8710e6c89ebc038aaaabf4971b7d3ec0f6c02f685458cd59c731e7e4788d3693	1411	tri_artifact/reports/v3_qwen_unseen_cost.json
ce5b2145dc52336debdb06f7264f9ef53c1dcc99e507414773bf40d46adc828b	761	tri_artifact/reports/v3_qwen_unseen_cost.md
6c7fd8ff595fecdc1292e701b46a2c99c1c01a1b6b5df8f3701d2ae948fa95a6	16099	tri_artifact/reports/v3_qwen_unseen_factor.json
507f707521a2eae3ab0b8ba22e6319221831c19ea23c29db128805a751d812a5	2227	tri_artifact/reports/v3_qwen_unseen_factor.md
aeb7c23c7061cf953587e6c540dd6a65cdb77878585ea5243aa0e81170dd0c10	735	tri_artifact/reports/v3_qwen_unseen_pairwise.json
de8486dd0f2efb25fa55912c8a3bc26d192cec6f0c46d362ee4d1b60ae1876a8	397	tri_artifact/reports/v3_qwen_unseen_pairwise.md
51b1c6b7de1bd8bf613535d4bd761138865bf709e3b6064a5f060adf003e6692	18238	tri_artifact/reports/v3_qwen_unseen_report.json
770ffa4af7e23d32d664a607e422cb8f4837a82e3016d5cd512e7bd24c0595ed	1271	tri_artifact/reports/v3_qwen_unseen_report.md
0af4b2c723e6c3364f479dca9b303cdaa0ef38e2159e238d531198731705e8cd	1892	tri_artifact/reports/v3_qwen_unseen_sqlite_replay.json
e6382758d3e93085d98643e3fb37d31dbe3f3570b6b9b605fecdeb80cec04dd1	463	tri_artifact/reports/v3_qwen_unseen_sqlite_replay.md
43addbc10882130843b3c30a86f1732e0eb383bc9f9da2b250a635a2b609d114	11737	tri_artifact/reports/v3_qwen_unseen_stage.json
68ccd1a6b70c9f6b10bb2ae681de846d90ea88e7c593e926c47b65170f4635a0	3229	tri_artifact/reports/v3_qwen_unseen_stage.md
4b22a43595a06eee7e5ef8c4b8c95cbfa8b89bf20aba7d23fc11632cdb3d288c	5657	tri_artifact/reports/v3_referential_policy_slices.json
42e098b3b1eab40ef9cf364829a5653bbc4e5ab805d135e0b42d390d74ab2a42	3340	tri_artifact/reports/v3_referential_policy_slices.md
6fbf7f5df251bed1e93bd2e2510fbaf82f9d34e9de012dfde62a7925d920464f	2212	tri_artifact/reports/v3_sqlite_conditional_tri_audit.json
a8e4469b1d78bf7eabf598bd9ac985b78d756a77c6554ca12e22531e9c671d1c	1006	tri_artifact/reports/v3_sqlite_conditional_tri_audit.md
36e3ed6c7a950803bd93bd97e3f4f33991de40f7a175a410ed44c800db3529aa	2973	tri_artifact/reports/v3_two_model_sqlite_trajectory_report.json
ace12da6c4b661a3540ca7a0956e94a4a1d9a73a12561a33e80108e9ac847ad3	1078	tri_artifact/reports/v3_two_model_sqlite_trajectory_report.md
4988d5e4e3b5ba21c81038672f4756333336447617d4993a39a9cd049e7d38ff	1527	tri_artifact/reports/v4_qwen_policy_audit.json
670231f092ef26e85b65c5b0dc1fee34f4c1d078f4c891d767ff5c71c27e288c	493	tri_artifact/reports/v4_qwen_policy_audit.md
56e587748cc16f8caec370c7ecbd5de67bca51d355d61e47e027b8b2bc343b48	1422	tri_artifact/reports/v4_qwen_policy_cluster.json
8f64d7d83182adbc2dbc85937df739a1e49d2e36d7961c98de02ec33753cebbf	657	tri_artifact/reports/v4_qwen_policy_cluster.md
6d6181410eb2d855fd5531902c6270ba46152114363d6bb5043d4bf78f834d3a	745	tri_artifact/reports/v4_qwen_policy_cost.json
aa0e2257c9e4f64753de4bbc625b2d9909d1f3454ddd2ce5c60bb99d72a8e9f5	563	tri_artifact/reports/v4_qwen_policy_cost.md
490af1206e0df774f6034f53faff15995f93ce71aaaece54d609f0f544dfd5ab	9035	tri_artifact/reports/v4_qwen_policy_model.json
8a7fa82cb92fb5ae308af07c877c1e4df2c5e1b1c78f174fd403bb3b2140e3dd	1047	tri_artifact/reports/v4_qwen_policy_model.md
6fd57a19c90328b10aeaeaf0a3dfc2910a558a95b33d6b34b6a3b55266e6e899	648	tri_artifact/reports/v4_qwen_policy_pairwise.json
2bfcf40078c7999490437c5091121c4a4e533d93726453c20528c68bd1b2933f	387	tri_artifact/reports/v4_qwen_policy_pairwise.md
999bf04687edb1a3807213c6d29230934767de412c8a8804e8f2d2ffbe8d2346	1520	tri_artifact/reports/v4_qwen_policy_smoke_audit.json
84413cec5581e04fbe2aef69144a0c1312e49def7ec0601cd848fd8e9ad118de	495	tri_artifact/reports/v4_qwen_policy_smoke_audit.md
263899653314fccff3f4f325fa5add54a4f732aad2a8a1dffdf34a6f7e4c737b	705	tri_artifact/reports/v4_qwen_policy_smoke_cost.json
0f70ce8eeffb23a6833c9057d5d6e3af5076ea79c5b9999be867d358af1ef615	563	tri_artifact/reports/v4_qwen_policy_smoke_cost.md
ab019b243f57a60aabd0dbf6aebbb5ed47a908366c42f2eb0bb44ac3aa5a97fc	8900	tri_artifact/reports/v4_qwen_policy_smoke_model.json
9d96edfd63857714d29de518e23aed2c8690c86fee9c5843f7573cecef2ba8fd	1046	tri_artifact/reports/v4_qwen_policy_smoke_model.md
35d161d70ff56301c69ee27129e6924a8de361fe5ecd1e5fa22707777fb3940a	619	tri_artifact/reports/v4_qwen_policy_smoke_pairwise.json
dfe4607f6bf9f5daa91691dd23689fbe3d02323db0f6e04b72b601e6a3122c03	385	tri_artifact/reports/v4_qwen_policy_smoke_pairwise.md
aed4c8ae739dfce15df1050c961660887e94576e86e740fc280f60d466cb1d8c	8943	tri_artifact/reports/v4_qwen_policy_smoke_stage.json
d7826ed1b8af996f68dbba38583051593d30e8e6ed9d7166e78859583bf8ebe0	1725	tri_artifact/reports/v4_qwen_policy_smoke_stage.md
92ff09643433d64712776c3217e4dc8167d9fde31bbef7e5a16ecf0ccb8f525c	19709	tri_artifact/reports/v4_qwen_policy_stage.json
9d824404705e71a24469ca4b149b57ee9226832872a7d763adc2d9b4eb9b3ce3	2386	tri_artifact/reports/v4_qwen_policy_stage.md
1a2b5fdce774ddd003000863973a502bd9a711033b27e0170f17c07349da322a	4966	tri_artifact/reports/v5_qwen_multirefresh_report.json
331bf0aa52e2a9624211a7240c51fa78cc0215a5011e117784d4c04835c0ea88	1647	tri_artifact/reports/v5_qwen_multirefresh_report.md
4e265e60357084d9e20302589af4b4f0f746103ea4dfb7a3f0e9a573190c1f72	3319	tri_artifact/reports/v6_glm_role_heldout_itt_report.json
9914ffa26ce428f419e9a256410cd4fd8c318d6658aa029906b70013e94bcb42	876	tri_artifact/reports/v6_glm_role_heldout_itt_report.md
a728839ad0f4b2aa41fb19d48fde69e9ca0929994af350486e6c5cdddd699e2d	3249	tri_artifact/reports/v6_glm_role_heldout_recovered_report.json
9c8bf9e2c446d088cc811ca094d4fed9cd6df6c7b063fd61e9463f81d779fb36	874	tri_artifact/reports/v6_glm_role_heldout_recovered_report.md
8c57a6d1397d745474b473247c99e0bc4a8518d5960d2f8fe61928e308bc3448	12516	tri_artifact/reports/v6_matched_scalar_role_report.json
88c9e46ddfe657c60808ca4e20dd16a8551103d4f0b658219df67d9a7198b12b	2686	tri_artifact/reports/v6_matched_scalar_role_report.md
a6b1fee821872a5454615d66d879251639b01285d03366a6991dcc34d522cc88	3359	tri_artifact/reports/v6_qwen_role_heldout_report.json
0abc9c714e7e44cb211df30406b8110194c4ab55b31a1aa08f103297aca6b075	884	tri_artifact/reports/v6_qwen_role_heldout_report.md
2b832bd2506a27d47684b595f8d93c7ae6cb1cbbb9629a4b3bdd1b56399dadfb	6179	tri_artifact/reports/v7_cluster_sample_sufficiency_v1.json
7783cd416c1b502f9784d43a9769e6bc1891ab02c196a863f1004d3a3b378360	1887	tri_artifact/reports/v7_cluster_sample_sufficiency_v1.md
b07cb397552aa8c94adce711606c3911de1f7ac651b228652adf51fd2a6829b8	7228	tri_artifact/reports/v7_core_replication.json
f906cba11a2b2452c46ded5fe40369c2224185b95d06ccf425da3d9c77a652f5	1837	tri_artifact/reports/v7_core_replication.md
b4bd5b43e2e606dc0ac97ac983e8fa137a965a27030e06c08c473d1ecc989901	5903	tri_artifact/reports/v7_core_sqlite_replay.json
4917fba27c4ddb212c1d166167892436755e48cd11589b17d6522bf73f48fc3b	844	tri_artifact/reports/v7_core_sqlite_replay.md
1fc1da7dd19403f2894e9ca5d04d172d64f438a122cf1d7c4e5872b232ea8fe0	951	tri_artifact/reports/v7_deepseek_cost_v1.json
c1e734db796930ca7649c75c38b1782cb65c8f04992c64a370d288a94179d7d9	430	tri_artifact/reports/v7_deepseek_cost_v1.md
0e873b011dcbb4e344caccd44588156fceeea8b7171c3223ef2df4b388aeb374	2238	tri_artifact/reports/v7_deepseek_frozen16_v1.json
ff134048573b6bb67532ce171a9f2e8dcd359a934bc739722124b5d32ccd17ef	861	tri_artifact/reports/v7_deepseek_frozen16_v1.md
f35013d4810f8a63b76d29c4cb130d7f928d26866aff80c2eb2d9edb82ea5c86	2341	tri_artifact/reports/v7_deepseek_full_v1.json
ca8b6e9123b85350a2376443ebee399b6890448feb70a50ada5709f268a7c706	872	tri_artifact/reports/v7_deepseek_full_v1.md
703d008fa31732ff427e9381c24c15c1be14ee39213e91828562a68dcbb1c976	1923	tri_artifact/reports/v7_deepseek_sqlite_replay_v1.json
87ec775a17f075eb9c099254c1f74b2cbf93c24db609c3c71a7d34f57a1c7c58	448	tri_artifact/reports/v7_deepseek_sqlite_replay_v1.md
5334f13bd75dec56f7c401ea719370d016e7fd579b5aaafff57a602bcfa33b2f	844	tri_artifact/reports/v7_deepseek_write_audit_v1.json
098eb1f2936e97e3910bf337a8f52d4a5f2afcc2c2a6dd248d958ad99d949a6c	762	tri_artifact/reports/v7_deepseek_write_audit_v1.md
d0ebbb75cab4ebfb66ad7f30b8a9f747de165650654e714c124c2f73ce715121	11117	tri_artifact/reports/v7_leave_group_out_sensitivity_v1.json
02cf7e3b70065db1fc6dec731153e9a9e1cfcc216ed0df8cc751b9babecfb9b1	703	tri_artifact/reports/v7_leave_group_out_sensitivity_v1.md
99d75190004548a2d671c49d7d6060a4e0bea89863e663ca2981edd09d730fa9	5788	tri_artifact/reports/v7_matched_full_history_smoke_v1.json
025b05f4145c24f9aba7eace8fceece172d395abf58d3b71360f3805c0b9187b	1256	tri_artifact/reports/v7_matched_full_history_smoke_v1.md
ef7e0515e2b957c3ca51e083ad89229d772201b24b45ffe151b1b665d8e591c1	5798	tri_artifact/reports/v7_matched_full_history_sqlite_replay_v1.json
289d28b6ca78ea22df4b2ede7bf1234ca20a208a94c39b8ad0e507668653010d	765	tri_artifact/reports/v7_matched_full_history_sqlite_replay_v1.md
69c838b054ed75520043fd9c3953a8223002512ea0454667d7fed00de696bbad	9982	tri_artifact/reports/v7_matched_full_history_three_model_final_v1.json
4675ae5e664ee2a18968871f8cd1e3c6cc30ba7dc4473c90e9f9dccbc2876d05	2122	tri_artifact/reports/v7_matched_full_history_three_model_final_v1.md
fd89175e01388abfaee868b93c4b6c9899c2e18186556d16110ce1bc0a9a1a43	13122	tri_artifact/reports/v7_repeat_stability_v1.json
0b7c8dbac87ed819335c83ba9d436a7eac7d2cc8fc0a8732ddb6240ac90ad262	2440	tri_artifact/reports/v7_repeat_stability_v1.md
6e02f3d478879ff1145eefbec29bd8c305b9d8e7203716e7a9421f8e751a685b	2321	tri_artifact/reports/v7_write_audit.json
65f6dd811b50eda7161559c16e1458062ef412b1df07b1cda25da04da6dcbcf0	1098	tri_artifact/reports/v7_write_audit.md
55dce4fb3dd8c5e137b492d4eaf0a0e67a6256b5e6871ba82c5781aebd51f546	48	tri_artifact/tri/__init__.py
7b214d4d25d3e63300ed8fff4cb35fb25ae3b2d3631da05f85b2749ebbfb4167	4092	tri_artifact/tri/analyze_reference_mode_ablation.py
1a64ce5c63ce3d1ead098b0e1959ae7085fcede0bcaf365f0148ee3c4c43d06c	6648	tri_artifact/tri/appworld_naturalistic_report.py
7a2d5e843a40bf774f1a6428ec4ef4d5048e606842a70eca17bbbc2df82c4853	7901	tri_artifact/tri/appworld_tri_multicluster_report.py
8f782c0eb9d7775b907278d0edfdb6c020f97a478174ddf9bdc04fc88fe39fb9	6547	tri_artifact/tri/appworld_tri_report.py
3dad0ae9e5c04559ffd36ecf20aaf65b95f3f14fab76bd0d2a0c7e1771e9ef6b	6553	tri_artifact/tri/binding_drift_tri_adapter.py
3f2e81acf36b502cf2ed0da4966581d855a5d2aaafbfda7f3314fc4f8cf3d268	11165	tri_artifact/tri/binding_drift_tri_full_report.py
2e1d5b0e1c31f0286bd55f7f024ce7885cc40e9134fa4b98226c0e926c8230b3	6051	tri_artifact/tri/binding_drift_tri_report.py
e124c4bb9958f263c1fb4ef252915d7683f30b1cf804c6e19d6a9015c6b5abfd	5039	tri_artifact/tri/compiler_analysis.py
7f8b6b224c2d3c6544e407123f25f066c84ea8e3bffe436b512867959bfac13f	15158	tri_artifact/tri/deterministic_discourse_rule.py
34cbbd39072bd5d473768666bad684c9d5e491b830df6a6b6ebcb98abd1bbfb8	6427	tri_artifact/tri/deterministic_discourse_rule_v2.py
7b78cbee1ae9dcb798ed884979212aefd6e64947018a1580177e22dde10bbe22	10607	tri_artifact/tri/event_graph_controller.py
5031e19d1ba516ab052a31922d3beb6bf622afc7bc8850665835fbb3ae83fb9d	3837	tri_artifact/tri/field_ablation.py
adda5c04d23a8a8b5462a3e501ecdf0a1e0de977da07bb799b4d1cc4c52c241e	5616	tri_artifact/tri/lifecycle_ablation.py
24785a1d2abf13d0444abc6a6fe1d7477ce31b6cbe451f48c487de17ad84d8cd	7755	tri_artifact/tri/lifecycle_tasks.py
2a1eb459391c7002df0104cacdf93bb2057a81d7882b18501a4b815eb1292e8d	13684	tri_artifact/tri/method_upgrade_smoke.py
3e5955892cf46c3d7511781bd307aa50a85b44f563a2bb8d50c35b7b9e6f058d	4390	tri_artifact/tri/paper_tables.py
fa5ed59e836a18b8cf397f62173a5cbc77ab9b4fbc69695062f188bdbc3ec7f5	4839	tri_artifact/tri/policy_extreme_controls.py
671bf8502e9372719016d2a30023232e752ebc8e546cc0e55b6917ff1f006c28	4470	tri_artifact/tri/reference_lifecycle.py
f394c3c55df77d064f7dd106850b1d65ded59dc5748ba60e3eb8e673525f7932	50841	tri_artifact/tri/run_models.py
b728e235379bb46e00dd9d84da8bef0e5fd4c666088b5a7dc1c8fa5cb8a5c4e6	12521	tri_artifact/tri/run_tool_controllers.py
7d247f84016e767f2f5f7631e999787ce840fb191f6b7c24a921e6d7f1b882c7	12123	tri_artifact/tri/run_v3_sqlite_trajectories.py
7d5eb6440259e72fd6bae56c176ff680f4bf40a072a16bbec14fa026c46a2f90	7093	tri_artifact/tri/run_v4_policy_models.py
8e7d12683561a62ee31eeb29d0b4580c463c0227aaed31ab8e6b904822972201	12626	tri_artifact/tri/run_v5_stress.py
15d78a6f2da5567718fa24ffe98301c4167a3f3324efcef44f4db5b689a029ba	2606	tri_artifact/tri/score.py
51b3a5976e4d07a492602f723f074daad6795fb9d7d5f91498bdac3acdd2b95b	3824	tri_artifact/tri/summary_analysis.py
c3e37f49f3e18d5b8ddfc539cbd1c9cac862701afad9f30f86fbbdccc0bec157	12340	tri_artifact/tri/tasks.py
775f6578256d405c5a8be1e645c41aadc0fcb39aaccb02d2c7123a713c4188c5	2509	tri_artifact/tri/tool_env.py
f285238700bb40c2d8468b691d05a7e08e034cf6386755a7e2cd16881fdde6fc	1708	tri_artifact/tri/toolsandbox_health_gate.py
a69719893095e64ffd97927e6a7439c328649fec31396a60bd4b389dac34c79e	6503	tri_artifact/tri/toolsandbox_pilot_conditional_audit.py
5366cd5a8f7c1e77d72699ca411cccdfc740e8a2084375f6a244ba1c570bc0a4	6716	tri_artifact/tri/toolsandbox_single_turn_report.py
6293455125a081362f990a4e3347874bfb6b39e04dab60e196502d76686b496c	6749	tri_artifact/tri/v2_ablation.py
40b82c0913f3cd7c19f0e7439b1944b8f89a13db2cfd45aeb92c0713aa37376e	831	tri_artifact/tri/v2_api_subset.py
47507be8950f8f40d2ba999dc097e9787ba3e0ad7be5db5b814b3982b6f39a49	6912	tri_artifact/tri/v2_factor_report.py
57a376d555a75fb171a5a3a8acd71c063ec7edcee332ad79ad43da7542d93bd6	1674	tri_artifact/tri/v2_heldout.py
b9dc1e1c32ebdb123485ddc01c5750c2139002e857a89098c914ea31a52c3826	2499	tri_artifact/tri/v2_merge_retry.py
b5f28504061b213d5946c52e2dda759a455e3c5fe83bcf0fd61fcc67036cbadf	7855	tri_artifact/tri/v2_model_report.py
35c0bc7aaf5ef024a9979be50c6078f5cd5824c5f90c69a2f8cf60d5655f61b6	4262	tri_artifact/tri/v2_pairwise_report.py
a73dd2f72f52a05f5a79410397b38e680556b8a531f08d6d8b581044da9ce88b	2214	tri_artifact/tri/v2_retry_subset.py
5c553316776bd89a05f5370bfadaf7d4fa49534b6ac5ba6d1aca97ba314638e3	4399	tri_artifact/tri/v2_run_audit.py
5417c7a9199e0b1bdb50f46a3a41da688e3f9ce0f6f2e41f28d005721cca5cdb	6609	tri_artifact/tri/v2_stage_report.py
e207e17bdcfdeb6470261d844f32710f996436b757ed0a00c618f65afceabed1	23292	tri_artifact/tri/v2_tasks.py
e55d314a74f5a098af2bffbd3f7ddcb5937bfd39da225becc6356d94272c231c	3621	tri_artifact/tri/v2_tool_ablation.py
2c9ac80c1a6af28510514508f12ffae5109cb41714423535d1ad596ca495c998	2767	tri_artifact/tri/v2_tool_env.py
3a4efeb7b83385f267d5abdd6b6820f3081e12f15c734680709d6738e1cfa610	10801	tri_artifact/tri/v3_alternative_baselines.py
cc86a7af44bd2cc819da1b01e9aff504eb01dd67001cd440748f531793e8610c	8002	tri_artifact/tri/v3_cluster_report.py
e1aa88ffa04af6464e1ea38f0250fc2c700a6ea627c078a224c2bddbdda98781	3300	tri_artifact/tri/v3_cost_report.py
7179ca0ab44d5176649dcb2114f011b989d843f3f480da74d4d67f65636d8ed3	11586	tri_artifact/tri/v3_eval.py
b3b10c2d70a866b010117fbd96b87a351adc4ae06d88b73e7e7b7a275956a87d	15673	tri_artifact/tri/v3_exact_predecessor_report.py
4a4274b3394f5bb86484c457412e615a88d22dab6c320bf1b461a71b5f113d26	7131	tri_artifact/tri/v3_factorial_complete.py
98e069b49b24a3b59fb2985d3375cc735e569b9541571d016b4d6c1d0b22fe53	3032	tri_artifact/tri/v3_factorial_derive.py
316099473a90cf38d5545f606d53ddfcf2cc379f8544f5a47bef4602a0bced95	5806	tri_artifact/tri/v3_generic_tri_audit.py
8bdbcedb877c0d08a62a3e9dab723e5beea0100d5131151e18ed6907983741cd	5221	tri_artifact/tri/v3_oracle_decomposition.py
fc733d5ee5d92c6418ba17a6a5bf43de8db9f388ac0f4d2ea00903e7d7e69860	6382	tri_artifact/tri/v3_sqlite_conditional_tri_audit.py
76d70eb434bb2ad2ff3bc87cd47253cc2795946811787120215325a905f933a7	8399	tri_artifact/tri/v3_sqlite_replay.py
d4f481874c710eb0cc3868da8a885a75daaf100ebdbed02fe45555c8e714f379	1995	tri_artifact/tri/v3_sqlite_trajectory_eval.py
6e55b06a2b27cc3d465c0398c59fdbbb8f76a8c83151a4fc80d950768b1aa9a3	6822	tri_artifact/tri/v3_sqlite_trajectory_report.py
f6875b62dd9f17210e7948752a043939efbff7611f9ae141264df28685eb307c	6000	tri_artifact/tri/v4_policy_eval.py
0cd03d6dc5f22f3c984fe93ef81f8a28a93b2ccd800d083a8a707e139915380b	4870	tri_artifact/tri/v4_policy_report.py
f052a1e29d4e98b9a1356286f020ab13089d5be69c1d111bad5fa0466c2d5d9e	4179	tri_artifact/tri/v5_stress_eval.py
6b4791cba13a2b318c4bc40374a9b6e01e4b65a686d1e6dc84c3ca0f1e5906d2	8254	tri_artifact/tri/v5_stress_report.py
8f70924ffea9c6aba621e69ab7e0d420bcaf54f6ca8544cc3a1441de77592ab5	8464	tri_artifact/tri/v6_matched_role_report.py
b1eee463813c7b4c9ae510f493e26d59cac6a4f6218458a0ee44dca4558a9be7	2573	tri_artifact/tri/v6_role_heldout_eval.py
1f81c1dddb6dc96d43da3af4d8111128fe034cfe24c1eb89012a38a9a96fe85c	6798	tri_artifact/tri/v6_role_report.py
170edd6eeee3cec8cf474d47546bd6485d67f3481a2a20024b3a4b5d926f19b0	8774	tri_artifact/tri/v7_cluster_precision.py
aaba6223591f8e1806da126f8a53af80154dee5f238ddea467fba262fc698558	13002	tri_artifact/tri/v7_core_replication.py
2229088938b8d7adb1f5898ca8ec67c8654ddf72b8cbe1611ac25f8d99f8b1d1	9994	tri_artifact/tri/v7_core_report.py
f241104095e6301587bdad19c47e89469efc6d4fe10528c2dba794be198c8119	8104	tri_artifact/tri/v7_full_history_report.py
e3f8527fac37b73382a3fb2895a016aace1140041bec6fe86bcdee25bb460503	4394	tri_artifact/tri/v7_leave_group_out.py
d4d07005d7e8c4fe4774411b54d07572093f0d64b53d9a73ee4eebdf90df7d80	11449	tri_artifact/tri/v7_repeat_stability_report.py
27e6e397e8e4d5b9ee59a35a6074f2bf5867e747acd077e6964c72fca582b0de	5173	tri_artifact/tri/v7_write_audit.py
7fb73a3626f1afb6428e92130d14d5c800e7bb7177c71355af1e5fefac59c4b1	12479	tri_artifact/scripts/analyze_human_rewrite_model_results.py
3d738068d1e7c94ad2212fa5d3e243e04bc78943bba117414905244883c184c2	8751	tri_artifact/scripts/analyze_human_supported_model_subset.py
41a7fbd420d305a2f733fe8c767bc74668bc9f5d517e286362d8e9785874186a	17803	tri_artifact/scripts/analyze_human_validation.py
332a068fb5d73ddc44df3b56d9b77226f2ca7f094dea43776dd37a0f2900665f	13039	tri_artifact/scripts/analyze_method_upgrade_closed_loop.py
0940a9ee89c527a5b709f6141bda26edbc7ac5bfc804aa6a74ec794bbdc35170	5410	tri_artifact/scripts/analyze_method_upgrade_smoke.py
c8c3130c3b6ed111bd94f838123eceab82484ddb9c3b427c6f151c6b215ee7bf	6882	tri_artifact/scripts/analyze_referential_policy_slices.py
a941379f773582c7cc594fd22d1ec8a05665554ebfb98f3f6bd40154a5bcecdd	680	tri_artifact/scripts/analyze_v3_cluster_precision.py
b683152ce9e4653a7066f32b58925a9c66b80a9fee7fbbe67fb77ffdb61cad50	656	tri_artifact/scripts/analyze_v7_cluster_precision.py
3ab455a6edc3546fc2ed95b60125470f1b78665e42ebc05f26fa40320a769253	661	tri_artifact/scripts/analyze_v7_leave_group_out.py
691613777ef1c96c1b956e0b2d32aed22bad213ef95184630a30cfabcc1b29ee	714	tri_artifact/scripts/analyze_v7_repeat_stability.py
2e63614df1705bd3c371fda0e5cab0c7a31e317962d7ba6ebeda13215bf2e03f	2637	tri_artifact/scripts/analyze_v7_run_cost.py
d4a004560dccec7134ec1ea30510d47463c4c3b39fb7ad31bb27ee107789d256	9801	tri_artifact/scripts/audit_appworld_public_traces.py
9345651ef9ae5e67fd699c87c5c8f4e2efb7118a10d91d5acbbe2b58099ecec0	19042	tri_artifact/scripts/audit_official_toolsandbox_tasks.py
621c91c8fb4b9582453ed7e017b0d44771c901b4ec07b1df39229b3a66f51787	10945	tri_artifact/scripts/audit_tau3_native_tri_opportunities.py
6f33d2f9109d5bd8137be1a99c0228acdba6c80021ed4257b6f77946f45060d3	1808	tri_artifact/scripts/build_human_rewrite_eval.py
c120deb0fabd955df935c434aec5ac82892fa7a363a2a47aee832d580971a20f	2682	tri_artifact/scripts/build_method_upgrade_smoke.py
7410e699c6a4f55a0539f0dfde418790950370d2b77a782f65a366de0c0115f1	862	tri_artifact/scripts/build_paper_v2.sh
8669f171121cba296cc8ac31cc52e4aa8e123d504aee444580346f854beabe75	10510	tri_artifact/scripts/chinese_human_validation_forms.py
028e8e6942a0a23c2fa26d2f557ed81cc2b2caeb8a27efe94c0a1f3d67f7572e	600	tri_artifact/scripts/freeze_binding_drift_tri_smoke.py
c875ae546b143e98832884269e638ab891db0b6169ee8babc4ed2cc1786bec68	3709	tri_artifact/scripts/freeze_v7_repeat_stability.py
53bf5c98e1220d6e09437696518ae86c940fd7d455bb7d79f49317986857d987	1047	tri_artifact/scripts/list_silicon_models.py
8a69ae8408786c75165d00621a22c508f36888d03c73bb70c4e3ac91b31c20d4	15794	tri_artifact/scripts/make_autofigure_style_figures.py
e5f4cf9a94d290b8c5cb03331614bd82cc87277b02253180b815c81cdc472cc6	10211	tri_artifact/scripts/make_figures.py
558069bf2a3a9929521d261e7262f5f8796355566088318757de44e6c72dc832	6568	tri_artifact/scripts/make_frozen_heldout_figure.py
5b1e0f14d9259777971cef751864061e91762616783e2a619539f70329312eb1	5730	tri_artifact/scripts/make_human_validation_packet.py
80238c28bdedab65c154f7b3f4078e8867414f2f5ee284b79bfc8d9cfa4b83f4	1232	tri_artifact/scripts/make_transport_retry_subset.py
41f72da73a29626d13e08729237da74db80bf455e218bdee289d1bb89c6faee1	15460	tri_artifact/scripts/make_unified_paper_figures.py
85a70c231f6fd2fc09feb97d4e83c1cf3bd95b904758a8d0deb630b6ba5e1b0c	5076	tri_artifact/scripts/make_v2_figures.py
4d55795f12c6368963a25232c09f272de089621df60d18c63ea211b1a3c4b863	3078	tri_artifact/scripts/make_v2_model_figures.py
e60467bfd9369100a8f63de1055ecd24d1ca2bb258950ec4f521361e751f4ebb	10433	tri_artifact/scripts/make_v3_paper_figures.py
497dbe9167fb29f45fbac6ad4a624add5e5d08d41cc04df75f7e451b5f6f57be	2041	tri_artifact/scripts/merge_transport_retries.py
7887a318ebbfa769e35e0356335d9310eed3b2f54696dab8e7d85853ffeca0b4	949	tri_artifact/scripts/report_binding_drift_tri_smoke.py
fdf39431209c60d47ae66c438a1435e8abdf8d7aa2642d6614717c3f87a99baf	852	tri_artifact/scripts/report_binding_drift_tri_v7_full.py
c6d0d2c7714d782cd9f699526fb9f75eaeb2efa168b8aee8b1423d626fc6d057	287	tri_artifact/scripts/report_v2_model_runs.sh
8880221f908ee1864b2df9d6737cd4524dcadc0adf2a05554d1606e7f8500652	1327	tri_artifact/scripts/retry_v2_api_failures.sh
6d1bd1b718dbd40c4ee456700509c9347e77bb255bedd0c3c49aa90185cd008a	1476	tri_artifact/scripts/run_appworld_naturalistic_baseline.sh
9c6fefee37395793aae2a953c6246bd610ea6b40c7cd2d0eebb98dceaa9db50c	1457	tri_artifact/scripts/run_appworld_tri_pilot.sh
9dc8a7e50569772d2697575a60f3dd23707536905e6af7db5ceda7d912193a3e	1407	tri_artifact/scripts/run_appworld_tri_simple_note.sh
63dddcf11eb5a8402e32a2e9d6dc48a43965bd037043a7f30dc7546e5d503e93	4419	tri_artifact/scripts/run_binding_drift_tri_smoke.py
9ba9fef400cb99644bf75dd50479c10c2a9482278f03b32d53548c1a6578df08	396	tri_artifact/scripts/run_core.sh
e3a9fb0cb747c8dbf2510e17791a09205ec71408e17a17456b431d2ca4737075	6748	tri_artifact/scripts/run_event_graph_oracle.py
9f311160d30d459def1dfbc93a3b9ee3de123d0a882dc3796d0edc19e057dfce	1673	tri_artifact/scripts/run_human_rewrite_matrix.sh
d379c635be2f3786d371d9c81025efbb901a0f0fff4c1863735edd36e303fb42	2745	tri_artifact/scripts/run_method_upgrade_smoke.py
8378eee1d2909ff8304d55b55ba3bf0c7f633d66cfff15524ff9ce833371f221	982	tri_artifact/scripts/run_reference_mode_ablation.sh
98b67f6d8932f6ff63cf8ab3d38c5a86f2ae92a60630bd9b6fd046d82ced74f3	2774	tri_artifact/scripts/run_silicon_batch.py
620a55960b6c982052a180b48aa5c46d742604b45eeb3b0ae2ace75238206842	2867	tri_artifact/scripts/run_submission_matrix.sh
a4add81926b5ec4a51ff08d91f7a39877234cc924ab2379f3a7e1b2c98721647	2125	tri_artifact/scripts/run_tool_controller_batch.py
08b2517010c86e3ba71f83af83292c900c163e6df4ffd949949833069838c2ee	1316	tri_artifact/scripts/run_toolsandbox_controller_stage.sh
fc6c695361285defec990f5d5a9f79ca9e77721287d9c447bb2941d053a0e158	1235	tri_artifact/scripts/run_toolsandbox_glm_full_history_stage.sh
1d08aa5666d98870e6ef2ec4ea705f7070baf8f89e571240a4f466a4b446a422	1696	tri_artifact/scripts/run_toolsandbox_matched_generic_stage.sh
4eeff2f8c1bfdcba8c915c15d7b2f168494afc02ea54a8af9fa9f993216cfb47	1504	tri_artifact/scripts/run_toolsandbox_single_turn_2x2.sh
df2bf84834ae5277c1e700d76c0eb7e745aed1bbc64824ce740fb50206f32afd	1345	tri_artifact/scripts/run_v2_gono_strong_baselines.sh
030a4d049dde8f5185cba05eb5464d8b8589c2193370c147cded82d44121c68d	956	tri_artifact/scripts/run_v2_schema_siliconflow_matrix.sh
c5cf0a6a75ed3711047de129bd6d1f68c33a73b91b2e9896681cf17396f3530e	1033	tri_artifact/scripts/run_v2_siliconflow_matrix.sh
91c523987445fe94ccb2270b25fef2dd5d2c78927a336ef625a528c6a38137c1	1388	tri_artifact/scripts/run_v3_exact_predecessor.sh
6bf11eb411c0ab533976387fcc7711dc0cf6bc893d5d2b8e094d1f454f19c785	3371	tri_artifact/scripts/run_v7_core_replication.sh
3d84a14da88ba01befb8b39574f7fba3011c22501ac76599b2124a673e14be68	1391	tri_artifact/scripts/run_v7_repeat_stability.sh
6f5101ae12dadeb95f608cb0b6ec0628f37be1f508c0c0d6079f5631b38ee70a	11873	tri_artifact/tests/external_pilots/test_toolsandbox_tri.py
d6477790d5f91973bae7ecd391550a53f3a2ef775d0753b92a82fe09b2415b8e	2962	tri_artifact/tests/test_alternative_baselines.py
be6a09e7938e0cefd13b1d4abb51fdf82065770c5b307dca165fba4a1ce8f446	2583	tri_artifact/tests/test_appworld_naturalistic_evaluation.py
dce65d9b4ed3c1593b7702f4ae21d96c2107b3411393d21cf924dbb0db2d8f13	598	tri_artifact/tests/test_appworld_naturalistic_report.py
c503371eea67512321ac3344ee5100da4a8994e48cf392c292789fb3531832db	660	tri_artifact/tests/test_appworld_public_trace_audit.py
950a92c652e7d055c4a4677d7c81866c3bc54faa49819fb4df731d639ef8ce60	1896	tri_artifact/tests/test_appworld_tri.py
2897db3266f312647a5900c72865db357425e4b740f1518f38a1ec570bab8a0b	996	tri_artifact/tests/test_appworld_tri_multicluster_report.py
369f5a0b195f5c1323349a804517ddff74cf0dcfd3ba3206dc11b41209fd8097	946	tri_artifact/tests/test_appworld_tri_report.py
454f363ef7187fe7ed9c09f3c842a0cf330bb6b3e85d97ec222d5b7337e77c67	1914	tri_artifact/tests/test_appworld_tri_simple_note.py
b108d7eac05d32687b878a5ca6212929a912bd359ba8514f94c07b511ae6129c	2490	tri_artifact/tests/test_binding_drift_tri_adapter.py
2d0f6f2b2c68e3b88f670487f6e0cc5c4526f8fd860bb0306bfc002c00f2a170	2656	tri_artifact/tests/test_binding_drift_tri_full_report.py
32613a588fef3e140d6a5f4ba28911d82bbb2f40cf2e95ba9b997f28bbd8d417	1620	tri_artifact/tests/test_binding_drift_tri_report.py
b296b3826273a1afae7c1a2633d250077c396e5dcf8e0443e55c863d8eaf4fb1	3191	tri_artifact/tests/test_deterministic_discourse_rule.py
078acea90dd8f275bc734ee401295867be003fc30e0052de807244631bee7d5d	4407	tri_artifact/tests/test_event_graph_controller.py
9d5e7b63e04c78b5891e825c47c3113a028eeed470bc964bf9d8e9d59242d0e7	1293	tri_artifact/tests/test_human_rewrite_model_results.py
87cf20a8fb7a962c848d9c8c62e0f70208ddcd220a65c355b61d9a6f2750c22b	707	tri_artifact/tests/test_human_supported_model_subset.py
d7334d977516cc966670276dc5cfbf86f4e5f672a0f86438c320b847b8f0186e	1046	tri_artifact/tests/test_human_validation_analysis.py
51463f19e844fb60237c2b5a441ee01341f3215b7eaeaa3826fcd91f3c256291	2539	tri_artifact/tests/test_human_validation_packet.py
6dcaf08afa29f102527beac25e85a3b14141f9e6b5862db975590b4f8ea5d6b1	788	tri_artifact/tests/test_merge_transport_retries.py
3e6ef26732b4c5b575520d6b81547710437a3c38ff7a071edda0566ee40ffe13	931	tri_artifact/tests/test_method_upgrade_closed_loop.py
73bf500e163ad8ff7ba7299e5e9a47b9c978c8a3b0c5c55252ac4ab2d000b328	5299	tri_artifact/tests/test_method_upgrade_smoke.py
6a8abf77c6d5fbb248b34961ae82df9ef4cf411a9df3bc204a3b04891ef3926d	2209	tri_artifact/tests/test_method_upgrade_smoke_report.py
04ce1b3c335ee3929fbc09796358d88db451d05421f176902706c0d9d3c21987	1692	tri_artifact/tests/test_official_toolsandbox_audit.py
4597073dc997d110be9ef7ce30450d20a92493868a1abcdcbd9c4e27f127b004	1320	tri_artifact/tests/test_policy_extreme_controls.py
8a1b919ef28006957bc676cb178915b7b5aa9b2dbbc469f905d2f51c1dbd3bd1	1673	tri_artifact/tests/test_referential_policy_slices.py
c509de4159b753e2784ef0be07dc67bc34bd2827aa01c6f51151d36691b927ad	784	tri_artifact/tests/test_run_models_resume.py
c8591d412112a96372c52a40df87c68420fba8934dea9323e295e12048e24f71	1236	tri_artifact/tests/test_tau3_native_tri_audit.py
d3921722390342e36916f45261ad5ac8ddc046b4726c0579d4172bd8ec47f0bf	32545	tri_artifact/tests/test_temporal_referent.py
a90d14dad2344d305e05c1027acd3a1aef823e5fe48ee70b9eafe0ec9ec4990a	1146	tri_artifact/tests/test_toolsandbox_health_gate.py
c9c36ed03d754304649f43e5b91f10102f470637043e96778e6e6bef2fc832c9	1926	tri_artifact/tests/test_toolsandbox_pilot_conditional_audit.py
16d816aefd83e6a74d2133e94e50f0f65d24ff5a63c4f40c074ad8f589623a99	1743	tri_artifact/tests/test_toolsandbox_single_turn_report.py
0af3cbb3ac3e58306de25b70d4c422ed86aa5c5fa959a0a1d56e1eaac5c7897b	619	tri_artifact/tests/test_transport_retry_subset.py
c592fea8a3caa529ad2d4fbcd08b0ea7e4b34405b766378a5a0d813cf7f521bb	5923	tri_artifact/tests/test_v3_exact_predecessor_report.py
1b39aacab0741bb52680f08366f4a78d99a6afed672b06031213f95bfd4a983e	1237	tri_artifact/tests/test_v3_generic_tri_audit.py
e6aee47ad4cd1c1e3530c7a5670f5a3daeef2e491dc69f69b31816373f24f906	1788	tri_artifact/tests/test_v3_sqlite_conditional_tri_audit.py
a99bcb1fdfa4d595182875d0af2fb99742c2cd3ad2df4d78b62f35d4e088b542	2896	tri_artifact/tests/test_v5_role_indexed.py
e2d6fd1828dd979366e28e68f470376c6ff02e070e74625f6884f64945d5535e	1638	tri_artifact/tests/test_v6_matched_role_report.py
8f848323df3c6e76f10211ead3be2997b843528b39733124a6fa9903c6c5af2e	1413	tri_artifact/tests/test_v6_role_heldout.py
1d10898c4ffb2d028e963ceee2eb844806122ba8b7a710205d40f10e465d9a56	358	tri_artifact/tests/test_v6_role_report.py
80d29b8cc983d628cd84d317500f2abde99f8c4d670f2dee0c20f0aec4fb996e	1279	tri_artifact/tests/test_v7_cluster_precision.py
80f9d5557971397fd9354311b72a3bee7c0132d91c49d95287a2edc5be890a0d	1623	tri_artifact/tests/test_v7_core_replication.py
b39c7e0f096b1f216c41062df7d7eb8e6ebe8af78c626afd753ea5b3fc472417	1592	tri_artifact/tests/test_v7_core_report.py
3604ed59c0e1f17ceedc21afddc2ba23dc6f0e9fad66c154dbec8bc937df0b93	2492	tri_artifact/tests/test_v7_full_history_report.py
ff76a0dbd24d06f400005625a2d5d5db6518086766c77390dc5f00bf9eeb9a2c	585	tri_artifact/tests/test_v7_leave_group_out.py
2c822d5eaced6eaebb996d5b8791a48b98dc5cc5ee905bb7b0c442497f736445	595	tri_artifact/tests/test_v7_repeat_stability_freeze.py
6f2b254ca317a2da264918363fca8c3740291c48544955d2e62ca3a402ad67db	750	tri_artifact/tests/test_v7_repeat_stability_report.py
cd07bd7cd599c477ad30038286381a52249accab61c2d148c01ba941a4f810c8	1195	tri_artifact/tests/test_v7_run_cost.py
38132336a7b4d21b536ec05dec75353cedc7fac8622124dcdb2fa96a29fff695	1990	tri_artifact/tests/test_v7_write_audit.py
4a4f562df62460dde6013b7d52b7c70c59afd5e6afc2338252b9d3121cfc7d7b	1483	tri_artifact/external_pilots/appworld_tri/README.md
43c318468a000bea4fb965cd4e40602368b2f2e27fc7bc8763130c76b8c93a37	76	tri_artifact/external_pilots/appworld_tri/__init__.py
d4c60772475ecbe3fa5c376c4e85836bdacef817a1eccf3280a9684f84d69c9f	10576	tri_artifact/external_pilots/appworld_tri/agent_runner.py
5b21ab29eb9d08196858ae21a8614a5a87dd7e6a2202d252553042c4747d933d	9707	tri_artifact/external_pilots/appworld_tri/environment.py
e7f030aedeb12faa46bbcfe7db5cba5c460cae40951fb13e1e37a9cfee48e1a4	3464	tri_artifact/external_pilots/appworld_tri/evaluation.py
c32c6e47037ff70a5ffe486a3d751a325a65ace10c90e996a421a87df1fd073e	8580	tri_artifact/external_pilots/appworld_tri/naturalistic_agent_runner.py
4c0dc928d64b97dddd4857c8b74300324f145be1e31ba1a13666abc0f0bb795b	3873	tri_artifact/external_pilots/appworld_tri/naturalistic_evaluation.py
eb111affc03a540e5141ed74480abfe2a0c83f6bc7df29e5f248a582913c6357	2885	tri_artifact/external_pilots/appworld_tri/scenarios.py
d3a3062b68fb38f4b6c1b6226de1f34664b470a862f7426b2b93d30f5839e3bb	8158	tri_artifact/external_pilots/appworld_tri/simple_note_agent_runner.py
a17c5718684e41d8973e1d1469768982b779cffbe4ec2848a0b05d773fdbe7e7	9795	tri_artifact/external_pilots/appworld_tri/simple_note_environment.py
6caff813b9ba597c27e91ea79ef63f6f1ac3499ea61d30029732499d5540cedb	3495	tri_artifact/external_pilots/appworld_tri/simple_note_evaluation.py
8d777cd18a2a72c605d51587b1600f13791efbc74594064e4a23ccc57f0c52c5	2998	tri_artifact/external_pilots/appworld_tri/simple_note_scenarios.py
072ca81de506aeb6aa4eb463fa0f992e88a83ed80c44526a07b1ad1b6f4a0f80	3045	tri_artifact/external_pilots/toolsandbox_tri/README.md
78aad7bf93575862eda3d61499cd491e29141ef0d6d29fd6f1da44ec28a4a240	260	tri_artifact/external_pilots/toolsandbox_tri/__init__.py
f873288f2ef7b25736b5fb0c9412e860291a5250f9d42b1fb60c74149642e629	14523	tri_artifact/external_pilots/toolsandbox_tri/agent_runner.py
545086b8cb4705c67f6f9c787233b62a1d39e332f087f02c3dba9391351d1214	9299	tri_artifact/external_pilots/toolsandbox_tri/environment.py
b221c9c1724441819d21932245e5588aa8a88f1399f3a2c2bc94097a8918586b	5133	tri_artifact/external_pilots/toolsandbox_tri/evaluation.py
3dc197c979ab024f57b0873f35190e8c2a71782a1ffd243b52025d7674f82d45	2640	tri_artifact/external_pilots/toolsandbox_tri/gate_replay.py
a1a16c7645f85fa6921450a388052dd44c8e72c61c04f221bd9c6f15fe6170f9	1617	tri_artifact/external_pilots/toolsandbox_tri/matched_protocol.md
40bade648419c7a65c4bba557d9ffec8ad55593e48e0b9055ed1e93b9cd93024	12742	tri_artifact/external_pilots/toolsandbox_tri/matched_runner.py
cf17772f271b306d3960277bf811f9742211e5a2a4d5cfc59cd08f7d57995c4e	2017	tri_artifact/external_pilots/toolsandbox_tri/oracle.py
c53e5e62428f13ea7cc4bc12db9a160f111a44d51b5e02caaa137f66499e3632	2292	tri_artifact/external_pilots/toolsandbox_tri/protocol.md
62f9a8f426d71a1d6cd005f28f1232c4b6bee67dd0526e080e6e18575b62a55b	7426	tri_artifact/external_pilots/toolsandbox_tri/report.py
2f84c51d184df504caa7b0340e80955f25ed2b0853fdd8ac073457e5276e111a	12193	tri_artifact/external_pilots/toolsandbox_tri/scenarios.py
f69ee9a85ad3c87509431819a7b69f465acb8b3bbc099cce6efe804fe11d16e7	23051	tri_artifact/human_validation/analysis.json
1f9f0b359272fcaef635eaef25dc8a3d5a35035822b0c6e50a3dd27a43367237	4025	tri_artifact/human_validation/analysis.md
35a47e7a5ffb8bee731e977e2db7c26799cae7717d7af8ef332b0c23dc349c99	4388	tri_artifact/human_validation/model_human_subset.json
b42f2267ef00a892e0c93f0d18117c6bffaa0e05c1f5aa56fa577edd917c8abc	1659	tri_artifact/human_validation/model_human_subset.md
bd4b747adf21c18cca8c6fc44323c29cdd5d8800f38c35f871458f51bf6ff37d	154	tri_artifact/human_validation/natural_elicitation_annotator_form_zh.csv
3bfd0e41397bd719d1c4e0ba563cce110b13c7db5eb3cd213808042da6383e1e	263	tri_artifact/human_validation/natural_elicitation_writer_form_zh.csv
a13eb19c780d9b0ee5e74aa76956426d097f49ca482f5e3c9fa060ed63080ef4	1640	tri_artifact/human_validation/normalized_returns/annotator_1.csv
3639ee7ff2c6454f6b4e6827e878ccbea4e9e66fe4ef95329ac1b4d1d34bfa7f	1943	tri_artifact/human_validation/normalized_returns/annotator_2.csv
e228c39f479964ed02c8acba6e96e1ef1db1e36f7a06217a19f493666a5ff4a7	1911	tri_artifact/human_validation/normalized_returns/annotator_3.csv
25b7166dcbb09f94e35df60435873625fb934c2a16eb2144611c32b294d04f84	15102	tri_artifact/human_validation/paraphrase_authoring.csv
56b799510712220f66af7dc8353e2f3e5bb47147d1356d369eba48abdaf11394	79111	tri_artifact/human_validation/selected_sources.jsonl
718a1ac3b18b15f8b1eb858b58adbbb7276440fba6b2acd2cdb1514f51f76e16	40416	tri_artifact/paper/AnonymousSubmission2027.tex
0b0ffc2f3286d304540a30a07b37d9645946e4d6de0a6113897a977e5beabab1	15425	tri_artifact/paper/aaai2027.bib
5db7765ba99de5c1e4686f9b3940a0add9c5e702f2164514462bec130ccb6e3c	30207	tri_artifact/paper/aaai2027.bst
391bce82815bf698b8e382dd3ae7e30c75d7ab46df140cb295b1266016bc8623	16915	tri_artifact/paper/aaai2027.sty
8faa8719aa58a70c4aa68d0eb153d0acfe977b37677fd2096d6970a77a34c19f	8136	tri_artifact/paper/ReproducibilityChecklist.tex
d5e2b7cae632ce1ddd2b3e6f21926faef61e3c8ea84fcf08424fd46f1da13cc0	44212	tri_artifact/paper/supplementary_material.tex
e40904d0b82a582656811dc255da7e246a325bcba79faf7fd8a392d2afd6aab4	2753	tri_artifact/paper/Figures/tri_v3_mechanism.pdf
c54cbe0e8cfc238f204bb5d1e94a7e8f323f7223ce2445286764e4e0f0bd8966	2441	tri_artifact/paper/Figures/tri_v3_results.pdf
ac3509ae6eaacb126b00cfe0287c8b78620df8c16dd7cbdb07339c52f94bd111	1112	tri_artifact/ARTIFACT_README.md
